{"assets":{"BF4F2C137A7FB0DFA043D4807F651C86":{"type":"texture","index":0,"assetRequest":{"type":"slide","state":"contents","slide":"none"},"url":{"native":"assets\/FB9F221D-2AED-4C9F-B73F-D689C8D00F87.pdf"},"width":1920,"height":1080},"3A8E7702BE738BF8F09C5C4F69A4D333":{"type":"texture","index":1,"assetRequest":{"type":"slide","state":"contents","slide":"none"},"url":{"native":"assets\/FB9F221D-2AED-4C9F-B73F-D689C8D00F87.pdf"},"width":1920,"height":1080}},"events":[{"effects":[{"beginTime":0,"baseLayer":{"animations":[],"initialState":{"affineTransform":[1,0,0,1,0,0],"masksToBounds":false,"rotation":0,"scale":1,"position":{"pointX":960,"pointY":540},"width":1920,"sublayerTransform":[1,0,0,0,0,1,0,0,0,0,1,0,0,0,0,1],"contentsRect":{"y":0,"x":0,"width":1,"height":1},"opacity":1,"edgeAntialiasingMask":251658240,"height":1080,"hidden":false,"anchorPoint":{"pointX":0.5,"pointY":0.5}},"objectID":"0","layers":[{"animations":[],"initialState":{"affineTransform":[1,0,0,1,0,0],"masksToBounds":false,"rotation":0,"scale":1,"position":{"pointX":960,"pointY":540},"width":1920,"sublayerTransform":[1,0,0,0,0,1,0,0,0,0,1,-0.00035007912466775983,0,0,0,1],"contentsRect":{"y":0,"x":0,"width":1,"height":1},"opacity":1,"edgeAntialiasingMask":251658240,"height":1080,"hidden":false,"anchorPoint":{"pointX":0.5,"pointY":0.5}},"layers":[{"animations":[],"layers":[],"texturedRectangle":{"isBackgroundTexture":false,"singleTextureOpacity":1,"textureType":0,"textBaseline":0,"textXHeight":0,"isVerticalText":false},"initialState":{"affineTransform":[1,0,0,1,0,0],"masksToBounds":false,"rotation":0,"scale":1,"position":{"pointX":960,"pointY":540},"width":1920,"sublayerTransform":[1,0,0,0,0,1,0,0,0,0,1,0,0,0,0,1],"contentsRect":{"y":0,"x":0,"width":1,"height":1},"opacity":1,"edgeAntialiasingMask":0,"height":1080,"hidden":false,"anchorPoint":{"pointX":0.5,"pointY":0.5}},"texture":"3A8E7702BE738BF8F09C5C4F69A4D333"},{"animations":[{"additive":false,"timeOffset":0,"beginTime":0,"from":{"scalar":false},"repeatCount":0,"fillMode":"both","duration":0.01,"autoreverses":false,"property":"hidden","to":{"scalar":true},"removedOnCompletion":false}],"layers":[],"texturedRectangle":{"isBackgroundTexture":false,"singleTextureOpacity":1,"textureType":0,"textBaseline":0,"textXHeight":0,"isVerticalText":false},"initialState":{"affineTransform":[1,0,0,1,0,0],"masksToBounds":false,"rotation":0,"scale":1,"position":{"pointX":960,"pointY":540},"width":1920,"sublayerTransform":[1,0,0,0,0,1,0,0,0,0,1,0,0,0,0,1],"contentsRect":{"y":0,"x":0,"width":1,"height":1},"opacity":1,"edgeAntialiasingMask":0,"height":1080,"hidden":false,"anchorPoint":{"pointX":0.5,"pointY":0.5}},"texture":"BF4F2C137A7FB0DFA043D4807F651C86"}]}]},"effects":[],"duration":0.01,"type":"transition","attributes":{"direction":0},"name":"none","objectID":"0"}],"automaticPlay":false,"hyperlinks":[{"url":"http:\/\/www.chrislarson.io","targetRectangle":{"y":1049.3588870763779,"x":4.9201692938804626,"width":165.703125,"height":24}}],"accessibility":[{"text":"pasted-image.tiff","targetRectangle":{"y":221.25,"x":87.333335876464844,"width":88.638496398925781,"height":80}},{"text":"pasted-image.tiff","targetRectangle":{"y":213.56236267089844,"x":1389.9906005859375,"width":381.4375,"height":191.59317016601562}},{"text":"￼","targetRectangle":{"y":1038.7800302505493,"x":1894.9049821272492,"width":12.253999999999905,"height":26}},{"text":"pasted-image.tiff","targetRectangle":{"y":891.78969305286955,"x":1559.9663543701172,"width":211.46875,"height":146.28518724823516}},{"text":"pasted-image.tiff","targetRectangle":{"y":891.7896728515625,"x":1389.9906005859375,"width":165.54496454140099,"height":146.3125}},{"text":"$70M raised","targetRectangle":{"y":167.04789769649506,"x":1497.6962897777557,"width":123.359375,"height":24}},{"text":"B.A. Physics","targetRectangle":{"y":223.34210109710693,"x":197.29269409179688,"width":120.400390625,"height":24}},{"text":"Coe College","targetRectangle":{"y":247.34210109710693,"x":197.29269409179688,"width":117.529296875,"height":24}},{"text":"Cedar Rapids, IA","targetRectangle":{"y":271.34210109710693,"x":197.29269409179688,"width":167.783203125,"height":24}},{"text":"Ph.D. Mechanical Engineering","targetRectangle":{"y":343.34210109710693,"x":197.29269409179688,"width":298.14453125,"height":24}},{"text":"Major field: Theoretical & Applied Mechanics","targetRectangle":{"y":367.34210109710693,"x":197.29269409179688,"width":447.32421875,"height":24}},{"text":"Minor field: Computer Science","targetRectangle":{"y":391.34210109710693,"x":197.29269409179688,"width":302.099609375,"height":24}},{"text":"Cornell University","targetRectangle":{"y":415.34210109710693,"x":197.29269409179688,"width":178.857421875,"height":24}},{"text":"Ithaca, NY","targetRectangle":{"y":439.34210109710693,"x":197.29269409179688,"width":106.201171875,"height":24}},{"text":"Statistical machine learning","targetRectangle":{"y":581.20183849334717,"x":204.29985046386719,"width":280.09765625,"height":24}},{"text":"Natural Language Processing","targetRectangle":{"y":629.20183849334717,"x":204.29985046386719,"width":293.53515625,"height":24}},{"text":"Black box optimization","targetRectangle":{"y":677.20183849334717,"x":204.29985046386719,"width":229.482421875,"height":24}},{"text":"Robotics & human computer interaction","targetRectangle":{"y":725.20183849334717,"x":204.29985046386719,"width":401.46484375,"height":24}},{"text":"Stretchable electronics","targetRectangle":{"y":773.20183849334717,"x":204.29985046386719,"width":230.8984375,"height":24}},{"text":"Modeling physical systems","targetRectangle":{"y":821.20183849334717,"x":204.29985046386719,"width":267.28515625,"height":24}},{"text":"Fracture mechanisms in brittle solids","targetRectangle":{"y":845.20183849334717,"x":266.63318419456482,"width":370.9765625,"height":24}},{"text":"Finite deformation","targetRectangle":{"y":869.20183849334717,"x":266.63318419456482,"width":186.201171875,"height":24}},{"text":"Software Engineering","targetRectangle":{"y":917.20183849334717,"x":204.29985046386719,"width":217.51953125,"height":24}},{"text":"Python, C++","targetRectangle":{"y":941.20183849334717,"x":266.63318419456482,"width":129.111328125,"height":24}},{"text":"ML infrastructure","targetRectangle":{"y":965.20183849334717,"x":266.63318419456482,"width":174.580078125,"height":24}},{"text":"Distributed systems","targetRectangle":{"y":989.20183849334717,"x":266.63318419456482,"width":200.21484375,"height":24}},{"text":"pasted-image.tiff","targetRectangle":{"y":40.297695159912109,"x":1389.9906005859375,"width":165.64764404296875,"height":124.23573303222656}},{"text":"pasted-image.png","targetRectangle":{"y":431.04244995117188,"x":1389.9905700683594,"width":381.43938163528219,"height":194.25}},{"text":"pasted-image.png","targetRectangle":{"y":81.729164123535156,"x":819.27666473388672,"width":452.98105555106304,"height":977.89054053383006}},{"text":"pasted-image.tiff","targetRectangle":{"y":436.6705527305603,"x":1742.5210266113281,"width":124,"height":59.28125}},{"text":"Chris Larson, Instructor","targetRectangle":{"y":4,"x":40,"width":716.48080000000016,"height":82}},{"text":"www.chrislarson.io","targetRectangle":{"y":1049.3588870763779,"x":4.9201692938804626,"width":165.703125,"height":24}},{"text":"pasted-image.tiff","targetRectangle":{"y":651.1676025390625,"x":1389.9906005859375,"width":381.4375,"height":214.73518371582031}},{"text":"pasted-image.tiff","targetRectangle":{"y":352.14736270904541,"x":80.136955261230469,"width":103.03125,"height":101.75}},{"text":"pasted-image.tiff","targetRectangle":{"y":40.297697067260742,"x":1558.0158309936523,"width":213.41226100921631,"height":124.22823777794838}},{"text":"Education:","targetRectangle":{"y":134,"x":39.999981451883286,"width":229.44999999999999,"height":61}},{"text":"Interests:","targetRectangle":{"y":487,"x":39.999981451883286,"width":199.69999999999999,"height":73}},{"text":"pasted-image.tiff","targetRectangle":{"y":78.071560859680176,"x":1533.6928272247314,"width":50.664239376783371,"height":48.698235154151917}},{"text":"pasted-image.tiff","targetRectangle":{"y":502.16559600830078,"x":1778.2821044921875,"width":79.15625,"height":79.15625}}],"baseLayer":{"animations":[],"initialState":{"affineTransform":[1,0,0,1,0,0],"masksToBounds":false,"rotation":0,"scale":1,"position":{"pointX":960,"pointY":540},"width":1920,"sublayerTransform":[1,0,0,0,0,1,0,0,0,0,1,0,0,0,0,1],"contentsRect":{"y":0,"x":0,"width":1,"height":1},"opacity":1,"edgeAntialiasingMask":251658240,"height":1080,"hidden":false,"anchorPoint":{"pointX":0.5,"pointY":0.5}},"objectID":"0","layers":[{"animations":[],"initialState":{"affineTransform":[1,0,0,1,0,0],"masksToBounds":false,"rotation":0,"scale":1,"position":{"pointX":960,"pointY":540},"width":1920,"sublayerTransform":[1,0,0,0,0,1,0,0,0,0,1,-0.00035007912466775983,0,0,0,1],"contentsRect":{"y":0,"x":0,"width":1,"height":1},"opacity":1,"edgeAntialiasingMask":251658240,"height":1080,"hidden":false,"anchorPoint":{"pointX":0.5,"pointY":0.5}},"layers":[{"animations":[],"layers":[],"texturedRectangle":{"isBackgroundTexture":false,"singleTextureOpacity":1,"textureType":0,"textBaseline":0,"textXHeight":0,"isVerticalText":false},"initialState":{"affineTransform":[1,0,0,1,0,0],"masksToBounds":false,"rotation":0,"scale":1,"position":{"pointX":960,"pointY":540},"width":1920,"sublayerTransform":[1,0,0,0,0,1,0,0,0,0,1,0,0,0,0,1],"contentsRect":{"y":0,"x":0,"width":1,"height":1},"opacity":1,"edgeAntialiasingMask":0,"height":1080,"hidden":false,"anchorPoint":{"pointX":0.5,"pointY":0.5}},"texture":"BF4F2C137A7FB0DFA043D4807F651C86"}]}]}}]}