{"assets":{"214A79C4853664B4AB8DDA8F541350E8":{"type":"texture","index":0,"assetRequest":{"type":"slide","state":"contents","slide":"none"},"url":{"native":"assets\/A3D8ED34-7BA9-40F9-88BF-00F934CCBD64.pdf"},"width":1920,"height":1080},"86C24D01F0295EC5C76B9C71643C197D":{"type":"texture","index":1,"assetRequest":{"type":"slide","state":"contents","slide":"none"},"url":{"native":"assets\/A3D8ED34-7BA9-40F9-88BF-00F934CCBD64.pdf"},"width":1920,"height":1080}},"events":[{"effects":[{"beginTime":0,"baseLayer":{"animations":[],"initialState":{"affineTransform":[1,0,0,1,0,0],"masksToBounds":false,"rotation":0,"scale":1,"position":{"pointX":960,"pointY":540},"width":1920,"sublayerTransform":[1,0,0,0,0,1,0,0,0,0,1,0,0,0,0,1],"contentsRect":{"y":0,"x":0,"width":1,"height":1},"opacity":1,"edgeAntialiasingMask":251658240,"height":1080,"hidden":false,"anchorPoint":{"pointX":0.5,"pointY":0.5}},"objectID":"0","layers":[{"animations":[],"initialState":{"affineTransform":[1,0,0,1,0,0],"masksToBounds":false,"rotation":0,"scale":1,"position":{"pointX":960,"pointY":540},"width":1920,"sublayerTransform":[1,0,0,0,0,1,0,0,0,0,1,-0.00035007912466775983,0,0,0,1],"contentsRect":{"y":0,"x":0,"width":1,"height":1},"opacity":1,"edgeAntialiasingMask":251658240,"height":1080,"hidden":false,"anchorPoint":{"pointX":0.5,"pointY":0.5}},"layers":[{"animations":[],"layers":[],"texturedRectangle":{"isBackgroundTexture":false,"singleTextureOpacity":1,"textureType":0,"textBaseline":0,"textXHeight":0,"isVerticalText":false},"initialState":{"affineTransform":[1,0,0,1,0,0],"masksToBounds":false,"rotation":0,"scale":1,"position":{"pointX":960,"pointY":540},"width":1920,"sublayerTransform":[1,0,0,0,0,1,0,0,0,0,1,0,0,0,0,1],"contentsRect":{"y":0,"x":0,"width":1,"height":1},"opacity":1,"edgeAntialiasingMask":0,"height":1080,"hidden":false,"anchorPoint":{"pointX":0.5,"pointY":0.5}},"texture":"86C24D01F0295EC5C76B9C71643C197D"},{"animations":[{"additive":false,"timeOffset":0,"beginTime":0,"from":{"scalar":false},"repeatCount":0,"fillMode":"both","duration":0.01,"autoreverses":false,"property":"hidden","to":{"scalar":true},"removedOnCompletion":false}],"layers":[],"texturedRectangle":{"isBackgroundTexture":false,"singleTextureOpacity":1,"textureType":0,"textBaseline":0,"textXHeight":0,"isVerticalText":false},"initialState":{"affineTransform":[1,0,0,1,0,0],"masksToBounds":false,"rotation":0,"scale":1,"position":{"pointX":960,"pointY":540},"width":1920,"sublayerTransform":[1,0,0,0,0,1,0,0,0,0,1,0,0,0,0,1],"contentsRect":{"y":0,"x":0,"width":1,"height":1},"opacity":1,"edgeAntialiasingMask":0,"height":1080,"hidden":false,"anchorPoint":{"pointX":0.5,"pointY":0.5}},"texture":"214A79C4853664B4AB8DDA8F541350E8"}]}]},"effects":[],"duration":0.01,"type":"transition","attributes":{"direction":0},"name":"none","objectID":"0"}],"automaticPlay":false,"hyperlinks":[],"accessibility":[{"text":"equation.pdf","targetRectangle":{"y":972.05103846661962,"x":173.83325827121735,"width":125.59580792661535,"height":51.911320154354939}},{"text":"equation.pdf","targetRectangle":{"y":693.32696549902448,"x":1723.4047769628055,"width":125.59580792661541,"height":51.911320154354939}},{"text":"equation.pdf","targetRectangle":{"y":522.42169189453125,"x":314.8345947265625,"width":1290.3308315320978,"height":113.74883984765052}},{"text":"equation.pdf","targetRectangle":{"y":410.21752391423621,"x":957.84477696280646,"width":662.29623442367597,"height":55.023833741628721}},{"text":"equation.pdf","targetRectangle":{"y":685.24135765586493,"x":1563.2612582712168,"width":26.007518691588757,"height":59.99692799751449}},{"text":"￼","targetRectangle":{"y":1038.7800302505493,"x":1894.5419827170845,"width":12.980000000000018,"height":26}},{"text":"In lecture 03 we outlined a general framework by which we can conduct discriminative learning using the following computational units: ","targetRectangle":{"y":134,"x":49.833258271217346,"width":1783.54,"height":110}},{"text":"We then outlined a procedure called maximum likelihood estimation (MLE) to learn the parameters ￼ from a set of labeled examples ￼:","targetRectangle":{"y":354,"x":49.833258271217346,"width":1774.018,"height":111.24135765586499}},{"text":"And showed that gradient descent is an excellent means by which to find ￼ when ￼ is at least once differentiable with respect to ￼; it’s an especially good\/necessary choice when the likelihood function is not convex.","targetRectangle":{"y":685.24135765586493,"x":49.833258271217346,"width":1854.6433266182039,"height":171.23828565337953}},{"text":"Neural language modeling fits directly into this framework, making the following selections:","targetRectangle":{"y":856.47964330924447,"x":85.833258271217346,"width":1825.1419999999985,"height":55}},{"text":"￼ is a one-hot encoded representation of our language tokens (e.g., words)","targetRectangle":{"y":911.47964330924447,"x":173.83325827121735,"width":1501.4516074766348,"height":56.241357655865045}},{"text":"￼ is a neural network (there are many different flavors, or architectures)","targetRectangle":{"y":967.72100096510951,"x":173.83325827121735,"width":1522.9378079266155,"height":56.241357655865045}},{"text":"equation.pdf","targetRectangle":{"y":915.80968081075457,"x":173.83325827121735,"width":25.955607476635521,"height":51.911320154354939}},{"text":"equation.pdf","targetRectangle":{"y":413.33003750151005,"x":290.82725827121732,"width":26.007518691588814,"height":51.911320154354939}},{"text":"equation.pdf","targetRectangle":{"y":286.334716796875,"x":530.7486572265625,"width":858.50267337490277,"height":39.418917650449259}},{"text":"equation.pdf","targetRectangle":{"y":749.56832315488953,"x":906.30725827121773,"width":26.007518691588757,"height":51.911320154354939}},{"text":"Introduction to neural networks","targetRectangle":{"y":4,"x":40,"width":998.0600000000004,"height":84}}],"baseLayer":{"animations":[],"initialState":{"affineTransform":[1,0,0,1,0,0],"masksToBounds":false,"rotation":0,"scale":1,"position":{"pointX":960,"pointY":540},"width":1920,"sublayerTransform":[1,0,0,0,0,1,0,0,0,0,1,0,0,0,0,1],"contentsRect":{"y":0,"x":0,"width":1,"height":1},"opacity":1,"edgeAntialiasingMask":251658240,"height":1080,"hidden":false,"anchorPoint":{"pointX":0.5,"pointY":0.5}},"objectID":"0","layers":[{"animations":[],"initialState":{"affineTransform":[1,0,0,1,0,0],"masksToBounds":false,"rotation":0,"scale":1,"position":{"pointX":960,"pointY":540},"width":1920,"sublayerTransform":[1,0,0,0,0,1,0,0,0,0,1,-0.00035007912466775983,0,0,0,1],"contentsRect":{"y":0,"x":0,"width":1,"height":1},"opacity":1,"edgeAntialiasingMask":251658240,"height":1080,"hidden":false,"anchorPoint":{"pointX":0.5,"pointY":0.5}},"layers":[{"animations":[],"layers":[],"texturedRectangle":{"isBackgroundTexture":false,"singleTextureOpacity":1,"textureType":0,"textBaseline":0,"textXHeight":0,"isVerticalText":false},"initialState":{"affineTransform":[1,0,0,1,0,0],"masksToBounds":false,"rotation":0,"scale":1,"position":{"pointX":960,"pointY":540},"width":1920,"sublayerTransform":[1,0,0,0,0,1,0,0,0,0,1,0,0,0,0,1],"contentsRect":{"y":0,"x":0,"width":1,"height":1},"opacity":1,"edgeAntialiasingMask":0,"height":1080,"hidden":false,"anchorPoint":{"pointX":0.5,"pointY":0.5}},"texture":"214A79C4853664B4AB8DDA8F541350E8"}]}]}}]}