{"assets":{"83518D5B22BDAB8EFE11BDC16FA66432":{"type":"texture","index":1,"assetRequest":{"type":"slide","state":"contents","slide":"none"},"url":{"native":"assets\/AC2DA5D7-4292-4862-8766-F16BC10E5B1E.pdf"},"width":1920,"height":1080},"0FFE479E218AD3DE6FDF31936097EED6":{"type":"texture","index":0,"assetRequest":{"type":"slide","state":"contents","slide":"none"},"url":{"native":"assets\/AC2DA5D7-4292-4862-8766-F16BC10E5B1E.pdf"},"width":1920,"height":1080}},"events":[{"effects":[{"beginTime":0,"baseLayer":{"animations":[],"initialState":{"affineTransform":[1,0,0,1,0,0],"masksToBounds":false,"rotation":0,"scale":1,"position":{"pointX":960,"pointY":540},"width":1920,"sublayerTransform":[1,0,0,0,0,1,0,0,0,0,1,0,0,0,0,1],"contentsRect":{"y":0,"x":0,"width":1,"height":1},"opacity":1,"edgeAntialiasingMask":251658240,"height":1080,"hidden":false,"anchorPoint":{"pointX":0.5,"pointY":0.5}},"objectID":"0","layers":[{"animations":[],"initialState":{"affineTransform":[1,0,0,1,0,0],"masksToBounds":false,"rotation":0,"scale":1,"position":{"pointX":960,"pointY":540},"width":1920,"sublayerTransform":[1,0,0,0,0,1,0,0,0,0,1,-0.00035007912466775983,0,0,0,1],"contentsRect":{"y":0,"x":0,"width":1,"height":1},"opacity":1,"edgeAntialiasingMask":251658240,"height":1080,"hidden":false,"anchorPoint":{"pointX":0.5,"pointY":0.5}},"layers":[{"animations":[],"layers":[],"texturedRectangle":{"isBackgroundTexture":false,"singleTextureOpacity":1,"textureType":0,"textBaseline":0,"textXHeight":0,"isVerticalText":false},"initialState":{"affineTransform":[1,0,0,1,0,0],"masksToBounds":false,"rotation":0,"scale":1,"position":{"pointX":960,"pointY":540},"width":1920,"sublayerTransform":[1,0,0,0,0,1,0,0,0,0,1,0,0,0,0,1],"contentsRect":{"y":0,"x":0,"width":1,"height":1},"opacity":1,"edgeAntialiasingMask":0,"height":1080,"hidden":false,"anchorPoint":{"pointX":0.5,"pointY":0.5}},"texture":"83518D5B22BDAB8EFE11BDC16FA66432"},{"animations":[{"additive":false,"timeOffset":0,"beginTime":0,"from":{"scalar":false},"repeatCount":0,"fillMode":"both","duration":0.01,"autoreverses":false,"property":"hidden","to":{"scalar":true},"removedOnCompletion":false}],"layers":[],"texturedRectangle":{"isBackgroundTexture":false,"singleTextureOpacity":1,"textureType":0,"textBaseline":0,"textXHeight":0,"isVerticalText":false},"initialState":{"affineTransform":[1,0,0,1,0,0],"masksToBounds":false,"rotation":0,"scale":1,"position":{"pointX":960,"pointY":540},"width":1920,"sublayerTransform":[1,0,0,0,0,1,0,0,0,0,1,0,0,0,0,1],"contentsRect":{"y":0,"x":0,"width":1,"height":1},"opacity":1,"edgeAntialiasingMask":0,"height":1080,"hidden":false,"anchorPoint":{"pointX":0.5,"pointY":0.5}},"texture":"0FFE479E218AD3DE6FDF31936097EED6"}]}]},"effects":[],"duration":0.01,"type":"transition","attributes":{"direction":0},"name":"none","objectID":"0"}],"automaticPlay":false,"hyperlinks":[],"accessibility":[{"text":"What flights to SFO are there tomorrow afternoon?","targetRectangle":{"y":65.135040283203125,"x":1278.8680537109376,"width":306.54799999999977,"height":57.779999554157257}},{"text":"pasted-image.tiff","targetRectangle":{"y":413.35842514038086,"x":1149.6645269393921,"width":54.875,"height":42.125}},{"text":"￼","targetRectangle":{"y":1038.7800302505493,"x":1890.8019820259069,"width":20.460000000000036,"height":26}},{"text":"pasted-image.tiff","targetRectangle":{"y":797.42309188842773,"x":1149.6645269393921,"width":54.875,"height":42.125}},{"text":"Unfortunately there are not enough seats available on flights: ","targetRectangle":{"y":550.1602783203125,"x":1214.9822998046875,"width":353.53999999999996,"height":57.779999554157257}},{"text":"$199 DCA-SFO 2:15-3:44pm","targetRectangle":{"y":608.1602783203125,"x":1235.1489663124084,"width":245.556640625,"height":26}},{"text":"$232 IAD-SFO 6:00-6:30pm","targetRectangle":{"y":634.1602783203125,"x":1235.1489663124084,"width":238.115234375,"height":26}},{"text":"Would you like to book this flight?","targetRectangle":{"y":660.1602783203125,"x":1214.9822998046875,"width":351.60399999999981,"height":28.779999554157257}},{"text":"$377 BMI-SFO 4:45-5:15pm","targetRectangle":{"y":689.1602783203125,"x":1235.1489663124084,"width":238.212890625,"height":26}},{"text":".","targetRectangle":{"y":893.49475836753845,"x":1368.8161950707436,"width":6.7680000000000291,"height":30.759999513626099}},{"text":".","targetRectangle":{"y":924.49475836753845,"x":1368.8161950707436,"width":6.7680000000000291,"height":30.759999513626099}},{"text":".","targetRectangle":{"y":955.49475836753845,"x":1368.8161950707436,"width":6.7680000000000291,"height":30.759999513626099}},{"text":"Ok, you want to book:","targetRectangle":{"y":392.4072265625,"x":1214.9822998046875,"width":227.70000000000005,"height":28.779999554157257}},{"text":"$232 IAD-SFO 6:00-6:30pm","targetRectangle":{"y":421.4072265625,"x":1235.1489663124084,"width":238.115234375,"height":26}},{"text":"Right?","targetRectangle":{"y":447.4072265625,"x":1214.9822998046875,"width":67.144000000000005,"height":28.779999554157257}},{"text":"Why is conversation is hard?","targetRectangle":{"y":4,"x":40,"width":900.34000000000003,"height":84}},{"text":"Discourse knowledge","targetRectangle":{"y":639.44708716869354,"x":363.4629816894531,"width":253.2240000000001,"height":30.759999513626099}},{"text":"Ok, first I’ll need the name and ID of the first adult passenger.","targetRectangle":{"y":789.41705322265625,"x":1214.9822998046875,"width":351.64800000000014,"height":57.779999554157257}},{"text":"pasted-image.tiff","targetRectangle":{"y":8.76153564453125,"x":1109.4918212890625,"width":525.41668701171875,"height":1062.4769287109375}},{"text":"pasted-image.tiff","targetRectangle":{"y":195.1834831237793,"x":1149.6645269393921,"width":54.875,"height":42.125}},{"text":"pasted-image.tiff","targetRectangle":{"y":611.61333847045898,"x":1149.6645269393921,"width":54.875,"height":42.125}},{"text":"Ok book the last expensive one for two adults and 1 infnt","targetRectangle":{"y":309.2198486328125,"x":1254.5155185546876,"width":330.90199999999982,"height":57.779999554157257}},{"text":"Domain knowledge","targetRectangle":{"y":498.59686744213104,"x":377.10698168945311,"width":225.93600000000009,"height":30.759999513626099}},{"text":"😞 ok sure","targetRectangle":{"y":735.56795412302017,"x":1473.2477076070636,"width":105.22400000000016,"height":31.127489745616913}},{"text":"I found three flights from WAS to SFO tomorrow afternoon:","targetRectangle":{"y":148.32241821289062,"x":1214.9822998046875,"width":346.78600000000006,"height":57.779999554157257}},{"text":"$199 DCA-SFO 2:15-3:44pm","targetRectangle":{"y":206.32241821289062,"x":1235.1489663124084,"width":245.556640625,"height":26}},{"text":"$377 BMI-SFO 4:45-5:15pm","targetRectangle":{"y":232.32241821289062,"x":1235.1489663124084,"width":238.212890625,"height":26}},{"text":"$232 IAD-SFO 6:00-6:30pm","targetRectangle":{"y":258.32241821289062,"x":1235.1489663124084,"width":238.115234375,"height":26}},{"text":"No, the DCA flight","targetRectangle":{"y":499.48492431640625,"x":1392.1372573772669,"width":187.79199999999992,"height":28.779999554157257}},{"text":"World Knowledge","targetRectangle":{"y":357.88779151439667,"x":385.69898168945315,"width":208.75199999999995,"height":30.759999513626099}}],"baseLayer":{"animations":[],"initialState":{"affineTransform":[1,0,0,1,0,0],"masksToBounds":false,"rotation":0,"scale":1,"position":{"pointX":960,"pointY":540},"width":1920,"sublayerTransform":[1,0,0,0,0,1,0,0,0,0,1,0,0,0,0,1],"contentsRect":{"y":0,"x":0,"width":1,"height":1},"opacity":1,"edgeAntialiasingMask":251658240,"height":1080,"hidden":false,"anchorPoint":{"pointX":0.5,"pointY":0.5}},"objectID":"0","layers":[{"animations":[],"initialState":{"affineTransform":[1,0,0,1,0,0],"masksToBounds":false,"rotation":0,"scale":1,"position":{"pointX":960,"pointY":540},"width":1920,"sublayerTransform":[1,0,0,0,0,1,0,0,0,0,1,-0.00035007912466775983,0,0,0,1],"contentsRect":{"y":0,"x":0,"width":1,"height":1},"opacity":1,"edgeAntialiasingMask":251658240,"height":1080,"hidden":false,"anchorPoint":{"pointX":0.5,"pointY":0.5}},"layers":[{"animations":[],"layers":[],"texturedRectangle":{"isBackgroundTexture":false,"singleTextureOpacity":1,"textureType":0,"textBaseline":0,"textXHeight":0,"isVerticalText":false},"initialState":{"affineTransform":[1,0,0,1,0,0],"masksToBounds":false,"rotation":0,"scale":1,"position":{"pointX":960,"pointY":540},"width":1920,"sublayerTransform":[1,0,0,0,0,1,0,0,0,0,1,0,0,0,0,1],"contentsRect":{"y":0,"x":0,"width":1,"height":1},"opacity":1,"edgeAntialiasingMask":0,"height":1080,"hidden":false,"anchorPoint":{"pointX":0.5,"pointY":0.5}},"texture":"0FFE479E218AD3DE6FDF31936097EED6"}]}]}}]}