{"assets":{"CD16FC2649FF8028A27F9E8006B0F020":{"type":"texture","index":1,"assetRequest":{"type":"slide","state":"contents","slide":"none"},"url":{"native":"assets\/406A957D-317E-457B-8CA7-FBB734358621.pdf"},"width":1920,"height":1080},"5EA483619F0172C4A10866F86BA5FA4B":{"type":"texture","index":0,"assetRequest":{"type":"slide","state":"contents","slide":"none"},"url":{"native":"assets\/406A957D-317E-457B-8CA7-FBB734358621.pdf"},"width":1920,"height":1080}},"events":[{"effects":[{"beginTime":0,"baseLayer":{"animations":[],"initialState":{"affineTransform":[1,0,0,1,0,0],"masksToBounds":false,"rotation":0,"scale":1,"position":{"pointX":960,"pointY":540},"width":1920,"sublayerTransform":[1,0,0,0,0,1,0,0,0,0,1,0,0,0,0,1],"contentsRect":{"y":0,"x":0,"width":1,"height":1},"opacity":1,"edgeAntialiasingMask":251658240,"height":1080,"hidden":false,"anchorPoint":{"pointX":0.5,"pointY":0.5}},"objectID":"0","layers":[{"animations":[],"initialState":{"affineTransform":[1,0,0,1,0,0],"masksToBounds":false,"rotation":0,"scale":1,"position":{"pointX":960,"pointY":540},"width":1920,"sublayerTransform":[1,0,0,0,0,1,0,0,0,0,1,-0.00035007912466775983,0,0,0,1],"contentsRect":{"y":0,"x":0,"width":1,"height":1},"opacity":1,"edgeAntialiasingMask":251658240,"height":1080,"hidden":false,"anchorPoint":{"pointX":0.5,"pointY":0.5}},"layers":[{"animations":[],"layers":[],"texturedRectangle":{"isBackgroundTexture":false,"singleTextureOpacity":1,"textureType":0,"textBaseline":0,"textXHeight":0,"isVerticalText":false},"initialState":{"affineTransform":[1,0,0,1,0,0],"masksToBounds":false,"rotation":0,"scale":1,"position":{"pointX":960,"pointY":540},"width":1920,"sublayerTransform":[1,0,0,0,0,1,0,0,0,0,1,0,0,0,0,1],"contentsRect":{"y":0,"x":0,"width":1,"height":1},"opacity":1,"edgeAntialiasingMask":0,"height":1080,"hidden":false,"anchorPoint":{"pointX":0.5,"pointY":0.5}},"texture":"CD16FC2649FF8028A27F9E8006B0F020"},{"animations":[{"additive":false,"timeOffset":0,"beginTime":0,"from":{"scalar":false},"repeatCount":0,"fillMode":"both","duration":0.01,"autoreverses":false,"property":"hidden","to":{"scalar":true},"removedOnCompletion":false}],"layers":[],"texturedRectangle":{"isBackgroundTexture":false,"singleTextureOpacity":1,"textureType":0,"textBaseline":0,"textXHeight":0,"isVerticalText":false},"initialState":{"affineTransform":[1,0,0,1,0,0],"masksToBounds":false,"rotation":0,"scale":1,"position":{"pointX":960,"pointY":540},"width":1920,"sublayerTransform":[1,0,0,0,0,1,0,0,0,0,1,0,0,0,0,1],"contentsRect":{"y":0,"x":0,"width":1,"height":1},"opacity":1,"edgeAntialiasingMask":0,"height":1080,"hidden":false,"anchorPoint":{"pointX":0.5,"pointY":0.5}},"texture":"5EA483619F0172C4A10866F86BA5FA4B"}]}]},"effects":[],"duration":0.01,"type":"transition","attributes":{"direction":0},"name":"none","objectID":"0"}],"automaticPlay":false,"hyperlinks":[],"accessibility":[{"text":"equation.pdf","targetRectangle":{"y":188.47706604003906,"x":1114.3072509765625,"width":181.08021142899997,"height":34.425198138833025}},{"text":"equation.pdf","targetRectangle":{"y":187.84716796875,"x":200.24118041992188,"width":247.44,"height":30.039999999999992}},{"text":"equation.pdf","targetRectangle":{"y":489.28683471679688,"x":822.93865966796875,"width":669.50218231678036,"height":39.239997661113762}},{"text":"equation.pdf","targetRectangle":{"y":686.25152587890625,"x":529.29754638671875,"width":289.4048715245724,"height":45.663597278237376}},{"text":"equation.pdf","targetRectangle":{"y":194.46226501464844,"x":511.47555541992188,"width":138.38221397399911,"height":28.439998304843897}},{"text":"equation.pdf","targetRectangle":{"y":188.47706604003906,"x":724.5250244140625,"width":325.61659385342796,"height":34.42520019073487}},{"text":"equation.pdf","targetRectangle":{"y":330.36453247070312,"x":514.93865966796875,"width":1178.4592446161062,"height":68.724400000000003}},{"text":"equation.pdf","targetRectangle":{"y":870.85205078125,"x":172.93763732910156,"width":271.88,"height":38.559999999999945}},{"text":"equation.pdf","targetRectangle":{"y":428.62014770507812,"x":822.93865966796875,"width":500.46222222222218,"height":38.560000000000002}},{"text":"NMF cost functions","targetRectangle":{"y":4,"x":40,"width":613.20000000000005,"height":84}},{"text":"equation.pdf","targetRectangle":{"y":192.14967346191406,"x":1571.639404296875,"width":105.10221595764165,"height":27.079998385906208}},{"text":"equation.pdf","targetRectangle":{"y":430.15365600585938,"x":656.51763916015625,"width":112.72000000000003,"height":31.279999999999973}},{"text":"equation.pdf","targetRectangle":{"y":690.04144287109375,"x":172.51763916015625,"width":272.71999999999991,"height":31.279999999999973}},{"text":"equation.pdf","targetRectangle":{"y":188.47706604003906,"x":1359.181884765625,"width":158.42219385342787,"height":34.42520019073487}},{"text":"equation.pdf","targetRectangle":{"y":331.40982055664062,"x":106.85097503662109,"width":340.63999999999993,"height":31.399999999999977}},{"text":"equation.pdf","targetRectangle":{"y":550.63348388671875,"x":821.6053466796875,"width":465.66222222222223,"height":38.67999999999995}},{"text":"equation.pdf","targetRectangle":{"y":844.47515869140625,"x":525.4755859375,"width":668.26102833160053,"height":116.11760000000004}},{"text":"￼","targetRectangle":{"y":1038.7800302505493,"x":1891.1649824996566,"width":19.733999999999924,"height":26}}],"baseLayer":{"animations":[],"initialState":{"affineTransform":[1,0,0,1,0,0],"masksToBounds":false,"rotation":0,"scale":1,"position":{"pointX":960,"pointY":540},"width":1920,"sublayerTransform":[1,0,0,0,0,1,0,0,0,0,1,0,0,0,0,1],"contentsRect":{"y":0,"x":0,"width":1,"height":1},"opacity":1,"edgeAntialiasingMask":251658240,"height":1080,"hidden":false,"anchorPoint":{"pointX":0.5,"pointY":0.5}},"objectID":"0","layers":[{"animations":[],"initialState":{"affineTransform":[1,0,0,1,0,0],"masksToBounds":false,"rotation":0,"scale":1,"position":{"pointX":960,"pointY":540},"width":1920,"sublayerTransform":[1,0,0,0,0,1,0,0,0,0,1,-0.00035007912466775983,0,0,0,1],"contentsRect":{"y":0,"x":0,"width":1,"height":1},"opacity":1,"edgeAntialiasingMask":251658240,"height":1080,"hidden":false,"anchorPoint":{"pointX":0.5,"pointY":0.5}},"layers":[{"animations":[],"layers":[],"texturedRectangle":{"isBackgroundTexture":false,"singleTextureOpacity":1,"textureType":0,"textBaseline":0,"textXHeight":0,"isVerticalText":false},"initialState":{"affineTransform":[1,0,0,1,0,0],"masksToBounds":false,"rotation":0,"scale":1,"position":{"pointX":960,"pointY":540},"width":1920,"sublayerTransform":[1,0,0,0,0,1,0,0,0,0,1,0,0,0,0,1],"contentsRect":{"y":0,"x":0,"width":1,"height":1},"opacity":1,"edgeAntialiasingMask":0,"height":1080,"hidden":false,"anchorPoint":{"pointX":0.5,"pointY":0.5}},"texture":"5EA483619F0172C4A10866F86BA5FA4B"}]}]}}]}