{"assets":{"45DE713A3C7BDF1616692131F60B8138":{"type":"texture","index":0,"assetRequest":{"type":"slide","state":"contents","slide":"none"},"url":{"native":"assets\/EE1613FF-5DB8-40A1-ABF4-46B553EF3D3F.pdf"},"width":1920,"height":1080},"23055451B970B5E7CE69CD3DA96B98E4":{"type":"texture","index":1,"assetRequest":{"type":"slide","state":"contents","slide":"none"},"url":{"native":"assets\/EE1613FF-5DB8-40A1-ABF4-46B553EF3D3F.pdf"},"width":1920,"height":1080}},"events":[{"effects":[{"beginTime":0,"baseLayer":{"animations":[],"initialState":{"affineTransform":[1,0,0,1,0,0],"masksToBounds":false,"rotation":0,"scale":1,"position":{"pointX":960,"pointY":540},"width":1920,"sublayerTransform":[1,0,0,0,0,1,0,0,0,0,1,0,0,0,0,1],"contentsRect":{"y":0,"x":0,"width":1,"height":1},"opacity":1,"edgeAntialiasingMask":251658240,"height":1080,"hidden":false,"anchorPoint":{"pointX":0.5,"pointY":0.5}},"objectID":"0","layers":[{"animations":[],"initialState":{"affineTransform":[1,0,0,1,0,0],"masksToBounds":false,"rotation":0,"scale":1,"position":{"pointX":960,"pointY":540},"width":1920,"sublayerTransform":[1,0,0,0,0,1,0,0,0,0,1,-0.00035007912466775983,0,0,0,1],"contentsRect":{"y":0,"x":0,"width":1,"height":1},"opacity":1,"edgeAntialiasingMask":251658240,"height":1080,"hidden":false,"anchorPoint":{"pointX":0.5,"pointY":0.5}},"layers":[{"animations":[],"layers":[],"texturedRectangle":{"isBackgroundTexture":false,"singleTextureOpacity":1,"textureType":0,"textBaseline":0,"textXHeight":0,"isVerticalText":false},"initialState":{"affineTransform":[1,0,0,1,0,0],"masksToBounds":false,"rotation":0,"scale":1,"position":{"pointX":960,"pointY":540},"width":1920,"sublayerTransform":[1,0,0,0,0,1,0,0,0,0,1,0,0,0,0,1],"contentsRect":{"y":0,"x":0,"width":1,"height":1},"opacity":1,"edgeAntialiasingMask":0,"height":1080,"hidden":false,"anchorPoint":{"pointX":0.5,"pointY":0.5}},"texture":"23055451B970B5E7CE69CD3DA96B98E4"},{"animations":[{"additive":false,"timeOffset":0,"beginTime":0,"from":{"scalar":false},"repeatCount":0,"fillMode":"both","duration":0.01,"autoreverses":false,"property":"hidden","to":{"scalar":true},"removedOnCompletion":false}],"layers":[],"texturedRectangle":{"isBackgroundTexture":false,"singleTextureOpacity":1,"textureType":0,"textBaseline":0,"textXHeight":0,"isVerticalText":false},"initialState":{"affineTransform":[1,0,0,1,0,0],"masksToBounds":false,"rotation":0,"scale":1,"position":{"pointX":960,"pointY":540},"width":1920,"sublayerTransform":[1,0,0,0,0,1,0,0,0,0,1,0,0,0,0,1],"contentsRect":{"y":0,"x":0,"width":1,"height":1},"opacity":1,"edgeAntialiasingMask":0,"height":1080,"hidden":false,"anchorPoint":{"pointX":0.5,"pointY":0.5}},"texture":"45DE713A3C7BDF1616692131F60B8138"}]}]},"effects":[],"duration":0.01,"type":"transition","attributes":{"direction":0},"name":"none","objectID":"0"}],"automaticPlay":false,"hyperlinks":[],"accessibility":[{"text":"equation.pdf","targetRectangle":{"y":957.47262567281723,"x":1498.9645948638915,"width":18.388093457944024,"height":38.711854152590263}},{"text":"equation.pdf","targetRectangle":{"y":745.16299432516098,"x":1758.8443406524655,"width":16.188560747663587,"height":38.711854152590263}},{"text":"sample topic from multinomial distribution parameterized by ￼","targetRectangle":{"y":886.73934930562973,"x":814.27396297454834,"width":707.45209345794365,"height":38.711854152590263}},{"text":"￼","targetRectangle":{"y":1038.7800302505493,"x":1890.9119822339271,"width":20.240000000000009,"height":26}},{"text":"(a)","targetRectangle":{"y":680.65301978588104,"x":275.12534391880035,"width":28.415999999999997,"height":30.759999513626099}},{"text":"(d)","targetRectangle":{"y":891.54065406322479,"x":383.74796921014786,"width":30.504000000000019,"height":30.759999513626099}},{"text":"equation.pdf","targetRectangle":{"y":359.87069702148438,"x":358.28604125976562,"width":1203.4279411026073,"height":136.42159999999996}},{"text":"The Dirichlet distribution","targetRectangle":{"y":4,"x":40,"width":784.70000000000005,"height":84}},{"text":"sample word from multinomial distribution parameterized by ￼ and conditioned on the topic","targetRectangle":{"y":957.47262567281723,"x":810.7405948638916,"width":1039.8520934579437,"height":38.711854152590263}},{"text":"sample number of words from Poisson distribution (or another suitable distribution) ","targetRectangle":{"y":680.65301978588104,"x":810.51063507080073,"width":942.67199999999946,"height":30.759999513626099}},{"text":"equation.pdf","targetRectangle":{"y":887.5406494140625,"x":443.7601318359375,"width":183.59281248767843,"height":37.109159999999974}},{"text":"loop through each word position in document and do:","targetRectangle":{"y":817.62482154369354,"x":814.13338470458984,"width":608.40000000000009,"height":30.759999513626099}},{"text":"equation.pdf","targetRectangle":{"y":680.4090576171875,"x":339.22021484375,"width":215.13748608586229,"height":31.248000000000047}},{"text":"(c)","targetRectangle":{"y":817.62482154369354,"x":274.88534283638,"width":28.896000000000015,"height":30.759999513626099}},{"text":"equation.pdf","targetRectangle":{"y":960.4656982421875,"x":439.7601318359375,"width":217.66235458140216,"height":34.211157960855985}},{"text":"(e)","targetRectangle":{"y":961.44855201244354,"x":384.69596916437149,"width":28.608000000000004,"height":30.759999513626099}},{"text":"sample multinomial topic distribution from a Dirichlet distribution parameterized by ￼","targetRectangle":{"y":745.16299432516098,"x":814.30034065246582,"width":960.73256074766323,"height":38.711854152590263}},{"text":"equation.pdf","targetRectangle":{"y":886.73934930562973,"x":1503.3379629745482,"width":18.388093457944024,"height":38.711854152590263}},{"text":"(b)","targetRectangle":{"y":749.13892066478729,"x":274.08134323358536,"width":30.504000000000019,"height":30.759999513626099}},{"text":"The Dirichlet distribution is often referred to the distribution of distributions. It is called so because it is the conjugate prior of the multinomial distribution, which is a common distribution used to describe multivariate random variables.","targetRectangle":{"y":134,"x":49.833280920982361,"width":1820.95,"height":183}},{"text":"The generative process in LDA is:","targetRectangle":{"y":561,"x":85.833280920982361,"width":732.29999999999984,"height":61}},{"text":"equation.pdf","targetRectangle":{"y":817.38079833984375,"x":342.7081298828125,"width":253.73199999999997,"height":34.344000000000051}},{"text":"equation.pdf","targetRectangle":{"y":747.472900390625,"x":340.293701171875,"width":156.15199069261553,"height":34.091997967958491}}],"baseLayer":{"animations":[],"initialState":{"affineTransform":[1,0,0,1,0,0],"masksToBounds":false,"rotation":0,"scale":1,"position":{"pointX":960,"pointY":540},"width":1920,"sublayerTransform":[1,0,0,0,0,1,0,0,0,0,1,0,0,0,0,1],"contentsRect":{"y":0,"x":0,"width":1,"height":1},"opacity":1,"edgeAntialiasingMask":251658240,"height":1080,"hidden":false,"anchorPoint":{"pointX":0.5,"pointY":0.5}},"objectID":"0","layers":[{"animations":[],"initialState":{"affineTransform":[1,0,0,1,0,0],"masksToBounds":false,"rotation":0,"scale":1,"position":{"pointX":960,"pointY":540},"width":1920,"sublayerTransform":[1,0,0,0,0,1,0,0,0,0,1,-0.00035007912466775983,0,0,0,1],"contentsRect":{"y":0,"x":0,"width":1,"height":1},"opacity":1,"edgeAntialiasingMask":251658240,"height":1080,"hidden":false,"anchorPoint":{"pointX":0.5,"pointY":0.5}},"layers":[{"animations":[],"layers":[],"texturedRectangle":{"isBackgroundTexture":false,"singleTextureOpacity":1,"textureType":0,"textBaseline":0,"textXHeight":0,"isVerticalText":false},"initialState":{"affineTransform":[1,0,0,1,0,0],"masksToBounds":false,"rotation":0,"scale":1,"position":{"pointX":960,"pointY":540},"width":1920,"sublayerTransform":[1,0,0,0,0,1,0,0,0,0,1,0,0,0,0,1],"contentsRect":{"y":0,"x":0,"width":1,"height":1},"opacity":1,"edgeAntialiasingMask":0,"height":1080,"hidden":false,"anchorPoint":{"pointX":0.5,"pointY":0.5}},"texture":"45DE713A3C7BDF1616692131F60B8138"}]}]}}]}