{"assets":{"5E181F9C095D18F9F81884A9978C201A":{"type":"texture","index":0,"assetRequest":{"type":"slide","state":"contents","slide":"none"},"url":{"native":"assets\/66C92680-1E3D-410C-857F-331474127399.pdf"},"width":1920,"height":1080},"800C686FE0806BB66231BF49FEFC301B":{"type":"texture","index":1,"assetRequest":{"type":"slide","state":"contents","slide":"none"},"url":{"native":"assets\/66C92680-1E3D-410C-857F-331474127399.pdf"},"width":1920,"height":1080}},"events":[{"effects":[{"beginTime":0,"baseLayer":{"animations":[],"initialState":{"affineTransform":[1,0,0,1,0,0],"masksToBounds":false,"rotation":0,"scale":1,"position":{"pointX":960,"pointY":540},"width":1920,"sublayerTransform":[1,0,0,0,0,1,0,0,0,0,1,0,0,0,0,1],"contentsRect":{"y":0,"x":0,"width":1,"height":1},"opacity":1,"edgeAntialiasingMask":251658240,"height":1080,"hidden":false,"anchorPoint":{"pointX":0.5,"pointY":0.5}},"objectID":"0","layers":[{"animations":[],"initialState":{"affineTransform":[1,0,0,1,0,0],"masksToBounds":false,"rotation":0,"scale":1,"position":{"pointX":960,"pointY":540},"width":1920,"sublayerTransform":[1,0,0,0,0,1,0,0,0,0,1,-0.00035007912466775983,0,0,0,1],"contentsRect":{"y":0,"x":0,"width":1,"height":1},"opacity":1,"edgeAntialiasingMask":251658240,"height":1080,"hidden":false,"anchorPoint":{"pointX":0.5,"pointY":0.5}},"layers":[{"animations":[],"layers":[],"texturedRectangle":{"isBackgroundTexture":false,"singleTextureOpacity":1,"textureType":0,"textBaseline":0,"textXHeight":0,"isVerticalText":false},"initialState":{"affineTransform":[1,0,0,1,0,0],"masksToBounds":false,"rotation":0,"scale":1,"position":{"pointX":960,"pointY":540},"width":1920,"sublayerTransform":[1,0,0,0,0,1,0,0,0,0,1,0,0,0,0,1],"contentsRect":{"y":0,"x":0,"width":1,"height":1},"opacity":1,"edgeAntialiasingMask":0,"height":1080,"hidden":false,"anchorPoint":{"pointX":0.5,"pointY":0.5}},"texture":"800C686FE0806BB66231BF49FEFC301B"},{"animations":[{"additive":false,"timeOffset":0,"beginTime":0,"from":{"scalar":false},"repeatCount":0,"fillMode":"both","duration":0.01,"autoreverses":false,"property":"hidden","to":{"scalar":true},"removedOnCompletion":false}],"layers":[],"texturedRectangle":{"isBackgroundTexture":false,"singleTextureOpacity":1,"textureType":0,"textBaseline":0,"textXHeight":0,"isVerticalText":false},"initialState":{"affineTransform":[1,0,0,1,0,0],"masksToBounds":false,"rotation":0,"scale":1,"position":{"pointX":960,"pointY":540},"width":1920,"sublayerTransform":[1,0,0,0,0,1,0,0,0,0,1,0,0,0,0,1],"contentsRect":{"y":0,"x":0,"width":1,"height":1},"opacity":1,"edgeAntialiasingMask":0,"height":1080,"hidden":false,"anchorPoint":{"pointX":0.5,"pointY":0.5}},"texture":"5E181F9C095D18F9F81884A9978C201A"}]}]},"effects":[],"duration":0.01,"type":"transition","attributes":{"direction":0},"name":"none","objectID":"0"}],"automaticPlay":false,"hyperlinks":[],"accessibility":[{"text":"equation.pdf","targetRectangle":{"y":390.95535278320312,"x":431.08480834960938,"width":148.31999999999994,"height":34.379999999999995}},{"text":"equation.pdf","targetRectangle":{"y":464.00738525390625,"x":859.9669189453125,"width":42.480000000000018,"height":3.9959999999999809}},{"text":"equation.pdf","targetRectangle":{"y":115.13872528076172,"x":836.16253662109375,"width":311.61200000000008,"height":34.542000000000002}},{"text":"equation.pdf","targetRectangle":{"y":453.06680297851562,"x":736.9669189453125,"width":53.045276838254949,"height":25.87715845760107}},{"text":"equation.pdf","targetRectangle":{"y":452.68341064453125,"x":1215.93310546875,"width":53.045280000000048,"height":26.643959999999993}},{"text":"equation.pdf","targetRectangle":{"y":311.69088745117188,"x":731.9105224609375,"width":166.64400000000001,"height":33.26400000000001}},{"text":"the quick brown fox jumped over the lazy dog","targetRectangle":{"y":389.95535230636597,"x":616.0816650390625,"width":950.5546875,"height":41}},{"text":"equation.pdf","targetRectangle":{"y":228.23149108886719,"x":1087.2144775390625,"width":172.98000000000002,"height":42.183360076904307}},{"text":"￼","targetRectangle":{"y":1038.7800302505493,"x":1895.3669821500662,"width":11.329999999999927,"height":26}},{"text":"equation.pdf","targetRectangle":{"y":464.00738525390625,"x":1091.4984130859375,"width":42.480000000000018,"height":3.9959999999999809}},{"text":"equation.pdf","targetRectangle":{"y":311.69088745117188,"x":1090.382568359375,"width":166.64400000000001,"height":33.26400000000001}},{"text":"equation.pdf","targetRectangle":{"y":798.23486328125,"x":474.54116821289062,"width":524.90000000000009,"height":239.09868017166127}},{"text":"equation.pdf","targetRectangle":{"y":228.23149108886719,"x":728.7425537109375,"width":172.98000000000002,"height":42.183360076904307}},{"text":"equation.pdf","targetRectangle":{"y":453.06680297851562,"x":984.40167236328125,"width":25.133758501911188,"height":25.87715845760107}},{"text":"equation.pdf","targetRectangle":{"y":311.69088745117188,"x":930.01251220703125,"width":123.91200000000003,"height":33.26400000000001}},{"text":"The skip gram model","targetRectangle":{"y":4,"x":40,"width":664.37000000000012,"height":84}},{"text":"equation.pdf","targetRectangle":{"y":520.955322265625,"x":272.47372436523438,"width":1044.0476789026134,"height":232.02720049781806}}],"baseLayer":{"animations":[],"initialState":{"affineTransform":[1,0,0,1,0,0],"masksToBounds":false,"rotation":0,"scale":1,"position":{"pointX":960,"pointY":540},"width":1920,"sublayerTransform":[1,0,0,0,0,1,0,0,0,0,1,0,0,0,0,1],"contentsRect":{"y":0,"x":0,"width":1,"height":1},"opacity":1,"edgeAntialiasingMask":251658240,"height":1080,"hidden":false,"anchorPoint":{"pointX":0.5,"pointY":0.5}},"objectID":"0","layers":[{"animations":[],"initialState":{"affineTransform":[1,0,0,1,0,0],"masksToBounds":false,"rotation":0,"scale":1,"position":{"pointX":960,"pointY":540},"width":1920,"sublayerTransform":[1,0,0,0,0,1,0,0,0,0,1,-0.00035007912466775983,0,0,0,1],"contentsRect":{"y":0,"x":0,"width":1,"height":1},"opacity":1,"edgeAntialiasingMask":251658240,"height":1080,"hidden":false,"anchorPoint":{"pointX":0.5,"pointY":0.5}},"layers":[{"animations":[],"layers":[],"texturedRectangle":{"isBackgroundTexture":false,"singleTextureOpacity":1,"textureType":0,"textBaseline":0,"textXHeight":0,"isVerticalText":false},"initialState":{"affineTransform":[1,0,0,1,0,0],"masksToBounds":false,"rotation":0,"scale":1,"position":{"pointX":960,"pointY":540},"width":1920,"sublayerTransform":[1,0,0,0,0,1,0,0,0,0,1,0,0,0,0,1],"contentsRect":{"y":0,"x":0,"width":1,"height":1},"opacity":1,"edgeAntialiasingMask":0,"height":1080,"hidden":false,"anchorPoint":{"pointX":0.5,"pointY":0.5}},"texture":"5E181F9C095D18F9F81884A9978C201A"}]}]}}]}