{"assets":{"D353370BF72F86CD9D882B5668AFCCD9":{"type":"texture","index":1,"assetRequest":{"type":"slide","state":"contents","slide":"none"},"url":{"native":"assets\/815B179C-4992-4C0B-B6FB-F397F58B9F7D.pdf"},"width":1920,"height":1080},"CB2D04977639A0E1CFF97DC8C84FDF0D":{"type":"texture","index":0,"assetRequest":{"type":"slide","state":"contents","slide":"none"},"url":{"native":"assets\/815B179C-4992-4C0B-B6FB-F397F58B9F7D.pdf"},"width":1920,"height":1080}},"events":[{"effects":[{"beginTime":0,"baseLayer":{"animations":[],"initialState":{"affineTransform":[1,0,0,1,0,0],"masksToBounds":false,"rotation":0,"scale":1,"position":{"pointX":960,"pointY":540},"width":1920,"sublayerTransform":[1,0,0,0,0,1,0,0,0,0,1,0,0,0,0,1],"contentsRect":{"y":0,"x":0,"width":1,"height":1},"opacity":1,"edgeAntialiasingMask":251658240,"height":1080,"hidden":false,"anchorPoint":{"pointX":0.5,"pointY":0.5}},"objectID":"0","layers":[{"animations":[],"initialState":{"affineTransform":[1,0,0,1,0,0],"masksToBounds":false,"rotation":0,"scale":1,"position":{"pointX":960,"pointY":540},"width":1920,"sublayerTransform":[1,0,0,0,0,1,0,0,0,0,1,-0.00035007912466775983,0,0,0,1],"contentsRect":{"y":0,"x":0,"width":1,"height":1},"opacity":1,"edgeAntialiasingMask":251658240,"height":1080,"hidden":false,"anchorPoint":{"pointX":0.5,"pointY":0.5}},"layers":[{"animations":[],"layers":[],"texturedRectangle":{"isBackgroundTexture":false,"singleTextureOpacity":1,"textureType":0,"textBaseline":0,"textXHeight":0,"isVerticalText":false},"initialState":{"affineTransform":[1,0,0,1,0,0],"masksToBounds":false,"rotation":0,"scale":1,"position":{"pointX":960,"pointY":540},"width":1920,"sublayerTransform":[1,0,0,0,0,1,0,0,0,0,1,0,0,0,0,1],"contentsRect":{"y":0,"x":0,"width":1,"height":1},"opacity":1,"edgeAntialiasingMask":0,"height":1080,"hidden":false,"anchorPoint":{"pointX":0.5,"pointY":0.5}},"texture":"D353370BF72F86CD9D882B5668AFCCD9"},{"animations":[{"additive":false,"timeOffset":0,"beginTime":0,"from":{"scalar":false},"repeatCount":0,"fillMode":"both","duration":0.01,"autoreverses":false,"property":"hidden","to":{"scalar":true},"removedOnCompletion":false}],"layers":[],"texturedRectangle":{"isBackgroundTexture":false,"singleTextureOpacity":1,"textureType":0,"textBaseline":0,"textXHeight":0,"isVerticalText":false},"initialState":{"affineTransform":[1,0,0,1,0,0],"masksToBounds":false,"rotation":0,"scale":1,"position":{"pointX":960,"pointY":540},"width":1920,"sublayerTransform":[1,0,0,0,0,1,0,0,0,0,1,0,0,0,0,1],"contentsRect":{"y":0,"x":0,"width":1,"height":1},"opacity":1,"edgeAntialiasingMask":0,"height":1080,"hidden":false,"anchorPoint":{"pointX":0.5,"pointY":0.5}},"texture":"CB2D04977639A0E1CFF97DC8C84FDF0D"}]}]},"effects":[],"duration":0.01,"type":"transition","attributes":{"direction":0},"name":"none","objectID":"0"}],"automaticPlay":false,"hyperlinks":[],"accessibility":[{"text":"Model:","targetRectangle":{"y":118.38414001464844,"x":73.000001311301276,"width":148.70000000000002,"height":61}},{"text":"Optimization:","targetRectangle":{"y":362.38414001464844,"x":73.000001311301276,"width":288.09999999999997,"height":61}},{"text":"equation.pdf","targetRectangle":{"y":744.12302398681641,"x":1344.9796752929688,"width":347.97597915601727,"height":34.703997931480444}},{"text":"equation.pdf","targetRectangle":{"y":948.96405029296875,"x":1054.2005615234375,"width":259.73199999999997,"height":34.379999999999995}},{"text":"equation.pdf","targetRectangle":{"y":141.66903686523438,"x":1032.80029296875,"width":605.63655583889431,"height":35.279997897148121}},{"text":"￼","targetRectangle":{"y":1038.7800302505493,"x":1887.998952661248,"width":25.256000000000085,"height":26}},{"text":"equation.pdf","targetRectangle":{"y":795.24028015136719,"x":1352.1305541992188,"width":362.48399999999992,"height":34.379999999999995}},{"text":"equation.pdf","targetRectangle":{"y":138.95535278320312,"x":417.33883666992188,"width":350.14459204064508,"height":40.707360076904308}},{"text":"equation.pdf","targetRectangle":{"y":380.71206665039062,"x":424.73748779296875,"width":1144.029383910701,"height":640.35432012625688}},{"text":"equation.pdf","targetRectangle":{"y":146.6910400390625,"x":856.9530029296875,"width":86.377808917197399,"height":25.23599999999999}},{"text":"NN parameter estimation for regression","targetRectangle":{"y":4,"x":40,"width":1257.2700000000002,"height":84}},{"text":"equation.pdf","targetRectangle":{"y":846.14158630371094,"x":1351.6823120117188,"width":379.46844047512059,"height":38.475360076904281}},{"text":"equation.pdf","targetRectangle":{"y":215.08277893066406,"x":1036.2940673828125,"width":691.61006053150822,"height":213.49799999999999}}],"baseLayer":{"animations":[],"initialState":{"affineTransform":[1,0,0,1,0,0],"masksToBounds":false,"rotation":0,"scale":1,"position":{"pointX":960,"pointY":540},"width":1920,"sublayerTransform":[1,0,0,0,0,1,0,0,0,0,1,0,0,0,0,1],"contentsRect":{"y":0,"x":0,"width":1,"height":1},"opacity":1,"edgeAntialiasingMask":251658240,"height":1080,"hidden":false,"anchorPoint":{"pointX":0.5,"pointY":0.5}},"objectID":"0","layers":[{"animations":[],"initialState":{"affineTransform":[1,0,0,1,0,0],"masksToBounds":false,"rotation":0,"scale":1,"position":{"pointX":960,"pointY":540},"width":1920,"sublayerTransform":[1,0,0,0,0,1,0,0,0,0,1,-0.00035007912466775983,0,0,0,1],"contentsRect":{"y":0,"x":0,"width":1,"height":1},"opacity":1,"edgeAntialiasingMask":251658240,"height":1080,"hidden":false,"anchorPoint":{"pointX":0.5,"pointY":0.5}},"layers":[{"animations":[],"layers":[],"texturedRectangle":{"isBackgroundTexture":false,"singleTextureOpacity":1,"textureType":0,"textBaseline":0,"textXHeight":0,"isVerticalText":false},"initialState":{"affineTransform":[1,0,0,1,0,0],"masksToBounds":false,"rotation":0,"scale":1,"position":{"pointX":960,"pointY":540},"width":1920,"sublayerTransform":[1,0,0,0,0,1,0,0,0,0,1,0,0,0,0,1],"contentsRect":{"y":0,"x":0,"width":1,"height":1},"opacity":1,"edgeAntialiasingMask":0,"height":1080,"hidden":false,"anchorPoint":{"pointX":0.5,"pointY":0.5}},"texture":"CB2D04977639A0E1CFF97DC8C84FDF0D"}]}]}}]}