{"assets":{"B7C96405C8441E95F60BE31D843935D0":{"type":"texture","index":0,"assetRequest":{"type":"slide","state":"contents","slide":"none"},"url":{"native":"assets\/7D2764B5-6C02-422D-AD3D-0E1621A3EA02.pdf"},"width":1920,"height":1080},"46220C236EDC1693A9FE3E18A37274F7":{"type":"texture","index":1,"assetRequest":{"type":"slide","state":"contents","slide":"none"},"url":{"native":"assets\/7D2764B5-6C02-422D-AD3D-0E1621A3EA02.pdf"},"width":1920,"height":1080}},"events":[{"effects":[{"beginTime":0,"baseLayer":{"animations":[],"initialState":{"affineTransform":[1,0,0,1,0,0],"masksToBounds":false,"rotation":0,"scale":1,"position":{"pointX":960,"pointY":540},"width":1920,"sublayerTransform":[1,0,0,0,0,1,0,0,0,0,1,0,0,0,0,1],"contentsRect":{"y":0,"x":0,"width":1,"height":1},"opacity":1,"edgeAntialiasingMask":251658240,"height":1080,"hidden":false,"anchorPoint":{"pointX":0.5,"pointY":0.5}},"objectID":"0","layers":[{"animations":[],"initialState":{"affineTransform":[1,0,0,1,0,0],"masksToBounds":false,"rotation":0,"scale":1,"position":{"pointX":960,"pointY":540},"width":1920,"sublayerTransform":[1,0,0,0,0,1,0,0,0,0,1,-0.00035007912466775983,0,0,0,1],"contentsRect":{"y":0,"x":0,"width":1,"height":1},"opacity":1,"edgeAntialiasingMask":251658240,"height":1080,"hidden":false,"anchorPoint":{"pointX":0.5,"pointY":0.5}},"layers":[{"animations":[],"layers":[],"texturedRectangle":{"isBackgroundTexture":false,"singleTextureOpacity":1,"textureType":0,"textBaseline":0,"textXHeight":0,"isVerticalText":false},"initialState":{"affineTransform":[1,0,0,1,0,0],"masksToBounds":false,"rotation":0,"scale":1,"position":{"pointX":960,"pointY":540},"width":1920,"sublayerTransform":[1,0,0,0,0,1,0,0,0,0,1,0,0,0,0,1],"contentsRect":{"y":0,"x":0,"width":1,"height":1},"opacity":1,"edgeAntialiasingMask":0,"height":1080,"hidden":false,"anchorPoint":{"pointX":0.5,"pointY":0.5}},"texture":"46220C236EDC1693A9FE3E18A37274F7"},{"animations":[{"additive":false,"timeOffset":0,"beginTime":0,"from":{"scalar":false},"repeatCount":0,"fillMode":"both","duration":0.01,"autoreverses":false,"property":"hidden","to":{"scalar":true},"removedOnCompletion":false}],"layers":[],"texturedRectangle":{"isBackgroundTexture":false,"singleTextureOpacity":1,"textureType":0,"textBaseline":0,"textXHeight":0,"isVerticalText":false},"initialState":{"affineTransform":[1,0,0,1,0,0],"masksToBounds":false,"rotation":0,"scale":1,"position":{"pointX":960,"pointY":540},"width":1920,"sublayerTransform":[1,0,0,0,0,1,0,0,0,0,1,0,0,0,0,1],"contentsRect":{"y":0,"x":0,"width":1,"height":1},"opacity":1,"edgeAntialiasingMask":0,"height":1080,"hidden":false,"anchorPoint":{"pointX":0.5,"pointY":0.5}},"texture":"B7C96405C8441E95F60BE31D843935D0"}]}]},"effects":[],"duration":0.01,"type":"transition","attributes":{"direction":0},"name":"none","objectID":"0"}],"automaticPlay":false,"hyperlinks":[],"accessibility":[{"text":"“God does not play dice …”","targetRectangle":{"y":185.9589329957962,"x":1661.1982775878905,"width":252.88000000000011,"height":25.799999594688416}},{"text":"- Albert Einstein","targetRectangle":{"y":211.9589329957962,"x":1766.0782775878906,"width":148,"height":25.799999594688416}},{"text":"Is there a good justification for modeling deterministic processes as random ones? …","targetRectangle":{"y":138.00007629394531,"x":49.833336830138251,"width":1502.6959999999999,"height":106}},{"text":"The argument of whether or not some process or phenomenon is truly random is often a philosophical matter. It is a matter of fact, though, that deterministic processes can, to those who only partially observe them, appear random. ","targetRectangle":{"y":297.00007629394531,"x":49.833336830138251,"width":1557.212,"height":159}},{"text":"In the world of NLU, this is particularly relevant. Language is a coarse proxy of the human mind, and as such, building a deterministic model that mimics human perception and behavior is unrealistic. The process that generates human language is partially observable (text\/speech); but we don’t yet have a good model of human intelligence. Building a simple model that is uncertain about its belief is currently our best modeling approach.","targetRectangle":{"y":509.00007629394531,"x":49.833336830138251,"width":1546.3799999999997,"height":318}},{"text":"Dirty secret: Our decision to model                     is also one of convenience: we have the internet and labels are free.","targetRectangle":{"y":880.00007629394531,"x":49.833336830138251,"width":1546.3879999999999,"height":106}},{"text":"Why use randomness for randomness’ sake?","targetRectangle":{"y":4,"x":40,"width":1404.3400000000004,"height":84}},{"text":"￼","targetRectangle":{"y":1038.7800302505493,"x":1888.898982894214,"width":24.266000000000076,"height":26}},{"text":"pasted-image.tiff","targetRectangle":{"y":941.173095703125,"x":767.72686767578125,"width":97.939971923828125,"height":88.145973205566406}},{"text":"pasted-image.tiff","targetRectangle":{"y":0.11934423446655273,"x":1788.9112949371338,"width":131.40625,"height":180.8125}},{"text":"equation.pdf","targetRectangle":{"y":892.62945556640625,"x":767.145751953125,"width":211.76888888888891,"height":35.899999999999977}}],"baseLayer":{"animations":[],"initialState":{"affineTransform":[1,0,0,1,0,0],"masksToBounds":false,"rotation":0,"scale":1,"position":{"pointX":960,"pointY":540},"width":1920,"sublayerTransform":[1,0,0,0,0,1,0,0,0,0,1,0,0,0,0,1],"contentsRect":{"y":0,"x":0,"width":1,"height":1},"opacity":1,"edgeAntialiasingMask":251658240,"height":1080,"hidden":false,"anchorPoint":{"pointX":0.5,"pointY":0.5}},"objectID":"0","layers":[{"animations":[],"initialState":{"affineTransform":[1,0,0,1,0,0],"masksToBounds":false,"rotation":0,"scale":1,"position":{"pointX":960,"pointY":540},"width":1920,"sublayerTransform":[1,0,0,0,0,1,0,0,0,0,1,-0.00035007912466775983,0,0,0,1],"contentsRect":{"y":0,"x":0,"width":1,"height":1},"opacity":1,"edgeAntialiasingMask":251658240,"height":1080,"hidden":false,"anchorPoint":{"pointX":0.5,"pointY":0.5}},"layers":[{"animations":[],"layers":[],"texturedRectangle":{"isBackgroundTexture":false,"singleTextureOpacity":1,"textureType":0,"textBaseline":0,"textXHeight":0,"isVerticalText":false},"initialState":{"affineTransform":[1,0,0,1,0,0],"masksToBounds":false,"rotation":0,"scale":1,"position":{"pointX":960,"pointY":540},"width":1920,"sublayerTransform":[1,0,0,0,0,1,0,0,0,0,1,0,0,0,0,1],"contentsRect":{"y":0,"x":0,"width":1,"height":1},"opacity":1,"edgeAntialiasingMask":0,"height":1080,"hidden":false,"anchorPoint":{"pointX":0.5,"pointY":0.5}},"texture":"B7C96405C8441E95F60BE31D843935D0"}]}]}}]}