{"assets":{"A1124A450EBCEC375CFE558CE3A9DA08":{"type":"texture","index":1,"assetRequest":{"type":"slide","state":"contents","slide":"none"},"url":{"native":"assets\/73552B80-9824-43B6-BDA3-DB9565BFE842.pdf"},"width":1920,"height":1080},"4617D021B6B29EA89EBD992C7FA8E15D":{"type":"texture","index":0,"assetRequest":{"type":"slide","state":"contents","slide":"none"},"url":{"native":"assets\/73552B80-9824-43B6-BDA3-DB9565BFE842.pdf"},"width":1920,"height":1080}},"events":[{"effects":[{"beginTime":0,"baseLayer":{"animations":[],"initialState":{"affineTransform":[1,0,0,1,0,0],"masksToBounds":false,"rotation":0,"scale":1,"position":{"pointX":960,"pointY":540},"width":1920,"sublayerTransform":[1,0,0,0,0,1,0,0,0,0,1,0,0,0,0,1],"contentsRect":{"y":0,"x":0,"width":1,"height":1},"opacity":1,"edgeAntialiasingMask":251658240,"height":1080,"hidden":false,"anchorPoint":{"pointX":0.5,"pointY":0.5}},"objectID":"0","layers":[{"animations":[],"initialState":{"affineTransform":[1,0,0,1,0,0],"masksToBounds":false,"rotation":0,"scale":1,"position":{"pointX":960,"pointY":540},"width":1920,"sublayerTransform":[1,0,0,0,0,1,0,0,0,0,1,-0.00035007912466775983,0,0,0,1],"contentsRect":{"y":0,"x":0,"width":1,"height":1},"opacity":1,"edgeAntialiasingMask":251658240,"height":1080,"hidden":false,"anchorPoint":{"pointX":0.5,"pointY":0.5}},"layers":[{"animations":[],"layers":[],"texturedRectangle":{"isBackgroundTexture":false,"singleTextureOpacity":1,"textureType":0,"textBaseline":0,"textXHeight":0,"isVerticalText":false},"initialState":{"affineTransform":[1,0,0,1,0,0],"masksToBounds":false,"rotation":0,"scale":1,"position":{"pointX":960,"pointY":540},"width":1920,"sublayerTransform":[1,0,0,0,0,1,0,0,0,0,1,0,0,0,0,1],"contentsRect":{"y":0,"x":0,"width":1,"height":1},"opacity":1,"edgeAntialiasingMask":0,"height":1080,"hidden":false,"anchorPoint":{"pointX":0.5,"pointY":0.5}},"texture":"A1124A450EBCEC375CFE558CE3A9DA08"},{"animations":[{"additive":false,"timeOffset":0,"beginTime":0,"from":{"scalar":false},"repeatCount":0,"fillMode":"both","duration":0.01,"autoreverses":false,"property":"hidden","to":{"scalar":true},"removedOnCompletion":false}],"layers":[],"texturedRectangle":{"isBackgroundTexture":false,"singleTextureOpacity":1,"textureType":0,"textBaseline":0,"textXHeight":0,"isVerticalText":false},"initialState":{"affineTransform":[1,0,0,1,0,0],"masksToBounds":false,"rotation":0,"scale":1,"position":{"pointX":960,"pointY":540},"width":1920,"sublayerTransform":[1,0,0,0,0,1,0,0,0,0,1,0,0,0,0,1],"contentsRect":{"y":0,"x":0,"width":1,"height":1},"opacity":1,"edgeAntialiasingMask":0,"height":1080,"hidden":false,"anchorPoint":{"pointX":0.5,"pointY":0.5}},"texture":"4617D021B6B29EA89EBD992C7FA8E15D"}]}]},"effects":[],"duration":0.01,"type":"transition","attributes":{"direction":0},"name":"none","objectID":"0"}],"automaticPlay":false,"hyperlinks":[],"accessibility":[{"text":"￼","targetRectangle":{"y":1038.7800302505493,"x":1890.8349829391809,"width":20.394000000000005,"height":26}},{"text":"equation.pdf","targetRectangle":{"y":511.59525443672015,"x":1008.4281153566249,"width":37.635630841121383,"height":56.425347993864023}},{"text":"equation.pdf","targetRectangle":{"y":941.56795146774459,"x":254.88325554354091,"width":31.372429906542067,"height":56.425347993864079}},{"text":"equation.pdf","targetRectangle":{"y":202.27325560584245,"x":574.15568545008284,"width":37.635630841121497,"height":56.425347993864079}},{"text":"equation.pdf","targetRectangle":{"y":934.02060243058418,"x":1130.905685450083,"width":40.739018691588853,"height":63.972697031024495}},{"text":"equation.pdf","targetRectangle":{"y":511.59525443672015,"x":196.78325554354089,"width":31.372429906542067,"height":56.425347993864023}},{"text":"equation.pdf","targetRectangle":{"y":264.62255740569572,"x":49.833255543540872,"width":40.739018691588797,"height":56.425347993864079}},{"text":"When computing relevance between a query, ￼, and some document, ￼, we first must project ￼ onto the ￼-dimensional manifold that we computed from the SVD of ￼:","targetRectangle":{"y":134,"x":49.833255543540872,"width":1825.5580607476641,"height":187.0479053995598}},{"text":"Document retrieval then amounts to measuring a distance between our projected query, ￼, and document, ￼, in our projected ￼-dimensional space. In LSA, it is common to use cosine similarity:","targetRectangle":{"y":443.0479053995598,"x":49.833255543540872,"width":1826.8,"height":185.97269703102438}},{"text":"In practice, the above can be computed efficiently using matrix-vector operations between ￼ and a projected corpus of documents ￼.","targetRectangle":{"y":873.02060243058418,"x":49.833255543540872,"width":1815.1500000000001,"height":124.9726970310245}},{"text":"equation.pdf","targetRectangle":{"y":139.92395380598919,"x":1620.2556854500831,"width":31.372429906542038,"height":56.425347993864079}},{"text":"equation.pdf","targetRectangle":{"y":321.34530639648438,"x":789.0853271484375,"width":390.0681332188924,"height":42.198400190734844}},{"text":"equation.pdf","targetRectangle":{"y":139.92395380598919,"x":1090.7832555435407,"width":31.372429906542038,"height":56.425347993864079}},{"text":"Query projection and cosine similarity","targetRectangle":{"y":4,"x":40,"width":1197.0000000000002,"height":84}},{"text":"equation.pdf","targetRectangle":{"y":504.0479053995598,"x":592.95568545008291,"width":31.372429906542038,"height":63.972697031024495}},{"text":"equation.pdf","targetRectangle":{"y":202.27325560584245,"x":334.18325554354084,"width":31.372429906542038,"height":56.425347993864079}},{"text":"equation.pdf","targetRectangle":{"y":606.17437744140625,"x":597.02569580078125,"width":717.82908793829688,"height":235.97600055313114}}],"baseLayer":{"animations":[],"initialState":{"affineTransform":[1,0,0,1,0,0],"masksToBounds":false,"rotation":0,"scale":1,"position":{"pointX":960,"pointY":540},"width":1920,"sublayerTransform":[1,0,0,0,0,1,0,0,0,0,1,0,0,0,0,1],"contentsRect":{"y":0,"x":0,"width":1,"height":1},"opacity":1,"edgeAntialiasingMask":251658240,"height":1080,"hidden":false,"anchorPoint":{"pointX":0.5,"pointY":0.5}},"objectID":"0","layers":[{"animations":[],"initialState":{"affineTransform":[1,0,0,1,0,0],"masksToBounds":false,"rotation":0,"scale":1,"position":{"pointX":960,"pointY":540},"width":1920,"sublayerTransform":[1,0,0,0,0,1,0,0,0,0,1,-0.00035007912466775983,0,0,0,1],"contentsRect":{"y":0,"x":0,"width":1,"height":1},"opacity":1,"edgeAntialiasingMask":251658240,"height":1080,"hidden":false,"anchorPoint":{"pointX":0.5,"pointY":0.5}},"layers":[{"animations":[],"layers":[],"texturedRectangle":{"isBackgroundTexture":false,"singleTextureOpacity":1,"textureType":0,"textBaseline":0,"textXHeight":0,"isVerticalText":false},"initialState":{"affineTransform":[1,0,0,1,0,0],"masksToBounds":false,"rotation":0,"scale":1,"position":{"pointX":960,"pointY":540},"width":1920,"sublayerTransform":[1,0,0,0,0,1,0,0,0,0,1,0,0,0,0,1],"contentsRect":{"y":0,"x":0,"width":1,"height":1},"opacity":1,"edgeAntialiasingMask":0,"height":1080,"hidden":false,"anchorPoint":{"pointX":0.5,"pointY":0.5}},"texture":"4617D021B6B29EA89EBD992C7FA8E15D"}]}]}}]}