{"assets":{"2CB49DE69AB61A53D9B4FE89E7D0149E":{"type":"texture","index":1,"assetRequest":{"type":"slide","state":"contents","slide":"none"},"url":{"native":"assets\/9E60F62E-0D1B-4423-8ADA-0F8BD7E018D4.pdf"},"width":1920,"height":1080},"A28A80C8609174B55D989BBAD5DD1594":{"type":"texture","index":0,"assetRequest":{"type":"slide","state":"contents","slide":"none"},"url":{"native":"assets\/9E60F62E-0D1B-4423-8ADA-0F8BD7E018D4.pdf"},"width":1920,"height":1080}},"events":[{"effects":[{"beginTime":0,"baseLayer":{"animations":[],"initialState":{"affineTransform":[1,0,0,1,0,0],"masksToBounds":false,"rotation":0,"scale":1,"position":{"pointX":960,"pointY":540},"width":1920,"sublayerTransform":[1,0,0,0,0,1,0,0,0,0,1,0,0,0,0,1],"contentsRect":{"y":0,"x":0,"width":1,"height":1},"opacity":1,"edgeAntialiasingMask":251658240,"height":1080,"hidden":false,"anchorPoint":{"pointX":0.5,"pointY":0.5}},"objectID":"0","layers":[{"animations":[],"initialState":{"affineTransform":[1,0,0,1,0,0],"masksToBounds":false,"rotation":0,"scale":1,"position":{"pointX":960,"pointY":540},"width":1920,"sublayerTransform":[1,0,0,0,0,1,0,0,0,0,1,-0.00035007912466775983,0,0,0,1],"contentsRect":{"y":0,"x":0,"width":1,"height":1},"opacity":1,"edgeAntialiasingMask":251658240,"height":1080,"hidden":false,"anchorPoint":{"pointX":0.5,"pointY":0.5}},"layers":[{"animations":[],"layers":[],"texturedRectangle":{"isBackgroundTexture":false,"singleTextureOpacity":1,"textureType":0,"textBaseline":0,"textXHeight":0,"isVerticalText":false},"initialState":{"affineTransform":[1,0,0,1,0,0],"masksToBounds":false,"rotation":0,"scale":1,"position":{"pointX":960,"pointY":540},"width":1920,"sublayerTransform":[1,0,0,0,0,1,0,0,0,0,1,0,0,0,0,1],"contentsRect":{"y":0,"x":0,"width":1,"height":1},"opacity":1,"edgeAntialiasingMask":0,"height":1080,"hidden":false,"anchorPoint":{"pointX":0.5,"pointY":0.5}},"texture":"2CB49DE69AB61A53D9B4FE89E7D0149E"},{"animations":[{"additive":false,"timeOffset":0,"beginTime":0,"from":{"scalar":false},"repeatCount":0,"fillMode":"both","duration":0.01,"autoreverses":false,"property":"hidden","to":{"scalar":true},"removedOnCompletion":false}],"layers":[],"texturedRectangle":{"isBackgroundTexture":false,"singleTextureOpacity":1,"textureType":0,"textBaseline":0,"textXHeight":0,"isVerticalText":false},"initialState":{"affineTransform":[1,0,0,1,0,0],"masksToBounds":false,"rotation":0,"scale":1,"position":{"pointX":960,"pointY":540},"width":1920,"sublayerTransform":[1,0,0,0,0,1,0,0,0,0,1,0,0,0,0,1],"contentsRect":{"y":0,"x":0,"width":1,"height":1},"opacity":1,"edgeAntialiasingMask":0,"height":1080,"hidden":false,"anchorPoint":{"pointX":0.5,"pointY":0.5}},"texture":"A28A80C8609174B55D989BBAD5DD1594"}]}]},"effects":[],"duration":0.01,"type":"transition","attributes":{"direction":0},"name":"none","objectID":"0"}],"automaticPlay":false,"hyperlinks":[],"accessibility":[{"text":"Neural language modeling provides a means to extract semantically rich features from text data. How is this then applied towards downstream tasks?","targetRectangle":{"y":132.66667175292969,"x":49.833261418968561,"width":829.75200000000018,"height":212}},{"text":"Transfer learning:","targetRectangle":{"y":344.66667175292969,"x":85.833261418968561,"width":332.99199999999996,"height":53}},{"text":"LMs are first trained on next-word or next-sentence prediction tasks on a very large corpus of text (e.g., wikitext 103).","targetRectangle":{"y":397.66667175292969,"x":137.83326141896856,"width":743.08000000000015,"height":212}},{"text":"The output layer, which is used to map onto the word prediction output space, is removed, and replaced with a randomly initialized projection matrix mapping to the output space of the particular prediction task of interest. It is trained on a much lower number of examples from that task.","targetRectangle":{"y":609.66667175292969,"x":137.83326141896856,"width":777.96400000000017,"height":424}},{"text":"Some task (fine-tuning)","targetRectangle":{"y":183.25311870376294,"x":1426.4474019966124,"width":261.4079999999999,"height":30.759999513626099}},{"text":"LM task (pre-training)","targetRectangle":{"y":183.17496930559489,"x":1102.3298447688426,"width":238.80000000000018,"height":30.759999513626099}},{"text":"equation.pdf","targetRectangle":{"y":865.68245258927595,"x":1620.6146443684859,"width":44.011222409220863,"height":18.941120104904144}},{"text":"equation.pdf","targetRectangle":{"y":866.68245258927595,"x":1248.0187581380167,"width":44.011222409220863,"height":18.941120104904144}},{"text":"equation.pdf","targetRectangle":{"y":251.21380065878282,"x":1551.3909047444647,"width":9.9000000000000909,"height":14.23399999999998}},{"text":"equation.pdf","targetRectangle":{"y":248.07478351394383,"x":1199.7242340246826,"width":44.011222409220863,"height":18.941120104904201}},{"text":"equation.pdf","targetRectangle":{"y":866.68245258927595,"x":1125.2696431477839,"width":28.969162409220871,"height":18.941120104904144}},{"text":"equation.pdf","targetRectangle":{"y":866.68245258927595,"x":1494.9538777669234,"width":44.011222409220863,"height":18.941120104904144}},{"text":"equation.pdf","targetRectangle":{"y":864.07454243302595,"x":1370.3225301106734,"width":44.011222409220863,"height":18.941120104904144}},{"text":"￼","targetRectangle":{"y":1038.7800302505493,"x":1891.6379821178416,"width":18.788000000000011,"height":26}},{"text":"Transfer learning","targetRectangle":{"y":4,"x":40,"width":537.18000000000006,"height":84}}],"baseLayer":{"animations":[],"initialState":{"affineTransform":[1,0,0,1,0,0],"masksToBounds":false,"rotation":0,"scale":1,"position":{"pointX":960,"pointY":540},"width":1920,"sublayerTransform":[1,0,0,0,0,1,0,0,0,0,1,0,0,0,0,1],"contentsRect":{"y":0,"x":0,"width":1,"height":1},"opacity":1,"edgeAntialiasingMask":251658240,"height":1080,"hidden":false,"anchorPoint":{"pointX":0.5,"pointY":0.5}},"objectID":"0","layers":[{"animations":[],"initialState":{"affineTransform":[1,0,0,1,0,0],"masksToBounds":false,"rotation":0,"scale":1,"position":{"pointX":960,"pointY":540},"width":1920,"sublayerTransform":[1,0,0,0,0,1,0,0,0,0,1,-0.00035007912466775983,0,0,0,1],"contentsRect":{"y":0,"x":0,"width":1,"height":1},"opacity":1,"edgeAntialiasingMask":251658240,"height":1080,"hidden":false,"anchorPoint":{"pointX":0.5,"pointY":0.5}},"layers":[{"animations":[],"layers":[],"texturedRectangle":{"isBackgroundTexture":false,"singleTextureOpacity":1,"textureType":0,"textBaseline":0,"textXHeight":0,"isVerticalText":false},"initialState":{"affineTransform":[1,0,0,1,0,0],"masksToBounds":false,"rotation":0,"scale":1,"position":{"pointX":960,"pointY":540},"width":1920,"sublayerTransform":[1,0,0,0,0,1,0,0,0,0,1,0,0,0,0,1],"contentsRect":{"y":0,"x":0,"width":1,"height":1},"opacity":1,"edgeAntialiasingMask":0,"height":1080,"hidden":false,"anchorPoint":{"pointX":0.5,"pointY":0.5}},"texture":"A28A80C8609174B55D989BBAD5DD1594"}]}]}}]}