{"assets":{"2E1FFA86A46908ADA0DBA8FB5354ADF4":{"type":"texture","index":0,"assetRequest":{"type":"slide","state":"contents","slide":"none"},"url":{"native":"assets\/C755F74A-4C9F-4168-A089-7953ADD7BDD0.pdf"},"width":1920,"height":1080},"1A5F05D8EEA0AB443AAE3C7106ED646D":{"type":"texture","index":1,"assetRequest":{"type":"slide","state":"contents","slide":"none"},"url":{"native":"assets\/C755F74A-4C9F-4168-A089-7953ADD7BDD0.pdf"},"width":1920,"height":1080}},"events":[{"effects":[{"beginTime":0,"baseLayer":{"animations":[],"initialState":{"affineTransform":[1,0,0,1,0,0],"masksToBounds":false,"rotation":0,"scale":1,"position":{"pointX":960,"pointY":540},"width":1920,"sublayerTransform":[1,0,0,0,0,1,0,0,0,0,1,0,0,0,0,1],"contentsRect":{"y":0,"x":0,"width":1,"height":1},"opacity":1,"edgeAntialiasingMask":251658240,"height":1080,"hidden":false,"anchorPoint":{"pointX":0.5,"pointY":0.5}},"objectID":"0","layers":[{"animations":[],"initialState":{"affineTransform":[1,0,0,1,0,0],"masksToBounds":false,"rotation":0,"scale":1,"position":{"pointX":960,"pointY":540},"width":1920,"sublayerTransform":[1,0,0,0,0,1,0,0,0,0,1,-0.00035007912466775983,0,0,0,1],"contentsRect":{"y":0,"x":0,"width":1,"height":1},"opacity":1,"edgeAntialiasingMask":251658240,"height":1080,"hidden":false,"anchorPoint":{"pointX":0.5,"pointY":0.5}},"layers":[{"animations":[],"layers":[],"texturedRectangle":{"isBackgroundTexture":false,"singleTextureOpacity":1,"textureType":0,"textBaseline":0,"textXHeight":0,"isVerticalText":false},"initialState":{"affineTransform":[1,0,0,1,0,0],"masksToBounds":false,"rotation":0,"scale":1,"position":{"pointX":960,"pointY":540},"width":1920,"sublayerTransform":[1,0,0,0,0,1,0,0,0,0,1,0,0,0,0,1],"contentsRect":{"y":0,"x":0,"width":1,"height":1},"opacity":1,"edgeAntialiasingMask":0,"height":1080,"hidden":false,"anchorPoint":{"pointX":0.5,"pointY":0.5}},"texture":"1A5F05D8EEA0AB443AAE3C7106ED646D"},{"animations":[{"additive":false,"timeOffset":0,"beginTime":0,"from":{"scalar":false},"repeatCount":0,"fillMode":"both","duration":0.01,"autoreverses":false,"property":"hidden","to":{"scalar":true},"removedOnCompletion":false}],"layers":[],"texturedRectangle":{"isBackgroundTexture":false,"singleTextureOpacity":1,"textureType":0,"textBaseline":0,"textXHeight":0,"isVerticalText":false},"initialState":{"affineTransform":[1,0,0,1,0,0],"masksToBounds":false,"rotation":0,"scale":1,"position":{"pointX":960,"pointY":540},"width":1920,"sublayerTransform":[1,0,0,0,0,1,0,0,0,0,1,0,0,0,0,1],"contentsRect":{"y":0,"x":0,"width":1,"height":1},"opacity":1,"edgeAntialiasingMask":0,"height":1080,"hidden":false,"anchorPoint":{"pointX":0.5,"pointY":0.5}},"texture":"2E1FFA86A46908ADA0DBA8FB5354ADF4"}]}]},"effects":[],"duration":0.01,"type":"transition","attributes":{"direction":0},"name":"none","objectID":"0"}],"automaticPlay":false,"hyperlinks":[],"accessibility":[{"text":"equation.pdf","targetRectangle":{"y":519.3287353515625,"x":1109.2216796875,"width":583.5566264320978,"height":115.34247293884755}},{"text":"equation.pdf","targetRectangle":{"y":204.53024093834597,"x":49.833294272422791,"width":138.95027258566978,"height":56.425347993864079}},{"text":"equation.pdf","targetRectangle":{"y":397.51025390625,"x":866.04754638671875,"width":105.46799999999996,"height":30.843999999999994}},{"text":"equation.pdf","targetRectangle":{"y":139.92395380598919,"x":945.98329427242288,"width":134.87866687142196,"height":58.682333326367569}},{"text":"Measures the probability of two words, ￼, being found in same document, ￼, normalized by the product of each term’s probability of being found in a document. ","targetRectangle":{"y":134,"x":49.833294272422791,"width":1759.8286668714218,"height":187.95558893221005}},{"text":"Because the word-document matrix is sparse, many of the PMI matrix entries end up being large negative numbers; these values aren’t meaningful. For this reason it is common to only consider the positive entries in the matrix using Positive Pointwise Mutual Information (PPMI):","targetRectangle":{"y":687.95558893221005,"x":49.833294272422791,"width":1867.2,"height":244}},{"text":"equation.pdf","targetRectangle":{"y":942.18609619140625,"x":712.88348388671875,"width":670.23309172138624,"height":54.120000000000005}},{"text":"equation.pdf","targetRectangle":{"y":355.260986328125,"x":1108.521484375,"width":431.89779127502379,"height":115.34247981379508}},{"text":"￼","targetRectangle":{"y":1038.7800302505493,"x":1895.3669821500662,"width":11.329999999999927,"height":26}},{"text":"Pointwise Mutual Information (PMI)","targetRectangle":{"y":4,"x":40,"width":1114.2599999999998,"height":84}},{"text":"equation.pdf","targetRectangle":{"y":360.57223510742188,"x":194.83265686035156,"width":534.20897703575974,"height":104.71999370574952}}],"baseLayer":{"animations":[],"initialState":{"affineTransform":[1,0,0,1,0,0],"masksToBounds":false,"rotation":0,"scale":1,"position":{"pointX":960,"pointY":540},"width":1920,"sublayerTransform":[1,0,0,0,0,1,0,0,0,0,1,0,0,0,0,1],"contentsRect":{"y":0,"x":0,"width":1,"height":1},"opacity":1,"edgeAntialiasingMask":251658240,"height":1080,"hidden":false,"anchorPoint":{"pointX":0.5,"pointY":0.5}},"objectID":"0","layers":[{"animations":[],"initialState":{"affineTransform":[1,0,0,1,0,0],"masksToBounds":false,"rotation":0,"scale":1,"position":{"pointX":960,"pointY":540},"width":1920,"sublayerTransform":[1,0,0,0,0,1,0,0,0,0,1,-0.00035007912466775983,0,0,0,1],"contentsRect":{"y":0,"x":0,"width":1,"height":1},"opacity":1,"edgeAntialiasingMask":251658240,"height":1080,"hidden":false,"anchorPoint":{"pointX":0.5,"pointY":0.5}},"layers":[{"animations":[],"layers":[],"texturedRectangle":{"isBackgroundTexture":false,"singleTextureOpacity":1,"textureType":0,"textBaseline":0,"textXHeight":0,"isVerticalText":false},"initialState":{"affineTransform":[1,0,0,1,0,0],"masksToBounds":false,"rotation":0,"scale":1,"position":{"pointX":960,"pointY":540},"width":1920,"sublayerTransform":[1,0,0,0,0,1,0,0,0,0,1,0,0,0,0,1],"contentsRect":{"y":0,"x":0,"width":1,"height":1},"opacity":1,"edgeAntialiasingMask":0,"height":1080,"hidden":false,"anchorPoint":{"pointX":0.5,"pointY":0.5}},"texture":"2E1FFA86A46908ADA0DBA8FB5354ADF4"}]}]}}]}