{"assets":{"491F5B49FDB72FA8A5F647027A98654F":{"type":"texture","index":0,"assetRequest":{"type":"slide","state":"contents","slide":"none"},"url":{"native":"assets\/54AD23B4-5152-463B-B664-2F4A9A4CFB00.pdf"},"width":1920,"height":1080},"45DE713A3C7BDF1616692131F60B8138":{"type":"texture","index":1,"assetRequest":{"type":"slide","state":"contents","slide":"none"},"url":{"native":"assets\/54AD23B4-5152-463B-B664-2F4A9A4CFB00.pdf"},"width":1920,"height":1080}},"events":[{"effects":[{"beginTime":0,"baseLayer":{"animations":[],"initialState":{"affineTransform":[1,0,0,1,0,0],"masksToBounds":false,"rotation":0,"scale":1,"position":{"pointX":960,"pointY":540},"width":1920,"sublayerTransform":[1,0,0,0,0,1,0,0,0,0,1,0,0,0,0,1],"contentsRect":{"y":0,"x":0,"width":1,"height":1},"opacity":1,"edgeAntialiasingMask":251658240,"height":1080,"hidden":false,"anchorPoint":{"pointX":0.5,"pointY":0.5}},"objectID":"0","layers":[{"animations":[],"initialState":{"affineTransform":[1,0,0,1,0,0],"masksToBounds":false,"rotation":0,"scale":1,"position":{"pointX":960,"pointY":540},"width":1920,"sublayerTransform":[1,0,0,0,0,1,0,0,0,0,1,-0.00035007912466775983,0,0,0,1],"contentsRect":{"y":0,"x":0,"width":1,"height":1},"opacity":1,"edgeAntialiasingMask":251658240,"height":1080,"hidden":false,"anchorPoint":{"pointX":0.5,"pointY":0.5}},"layers":[{"animations":[],"layers":[],"texturedRectangle":{"isBackgroundTexture":false,"singleTextureOpacity":1,"textureType":0,"textBaseline":0,"textXHeight":0,"isVerticalText":false},"initialState":{"affineTransform":[1,0,0,1,0,0],"masksToBounds":false,"rotation":0,"scale":1,"position":{"pointX":960,"pointY":540},"width":1920,"sublayerTransform":[1,0,0,0,0,1,0,0,0,0,1,0,0,0,0,1],"contentsRect":{"y":0,"x":0,"width":1,"height":1},"opacity":1,"edgeAntialiasingMask":0,"height":1080,"hidden":false,"anchorPoint":{"pointX":0.5,"pointY":0.5}},"texture":"45DE713A3C7BDF1616692131F60B8138"},{"animations":[{"additive":false,"timeOffset":0,"beginTime":0,"from":{"scalar":false},"repeatCount":0,"fillMode":"both","duration":0.01,"autoreverses":false,"property":"hidden","to":{"scalar":true},"removedOnCompletion":false}],"layers":[],"texturedRectangle":{"isBackgroundTexture":false,"singleTextureOpacity":1,"textureType":0,"textBaseline":0,"textXHeight":0,"isVerticalText":false},"initialState":{"affineTransform":[1,0,0,1,0,0],"masksToBounds":false,"rotation":0,"scale":1,"position":{"pointX":960,"pointY":540},"width":1920,"sublayerTransform":[1,0,0,0,0,1,0,0,0,0,1,0,0,0,0,1],"contentsRect":{"y":0,"x":0,"width":1,"height":1},"opacity":1,"edgeAntialiasingMask":0,"height":1080,"hidden":false,"anchorPoint":{"pointX":0.5,"pointY":0.5}},"texture":"491F5B49FDB72FA8A5F647027A98654F"}]}]},"effects":[],"duration":0.01,"type":"transition","attributes":{"direction":0},"name":"none","objectID":"0"}],"automaticPlay":false,"hyperlinks":[],"accessibility":[{"text":"[1] Blei, 2003","targetRectangle":{"y":1036.4000290632248,"x":7.6653294563293457,"width":147.33600000000001,"height":30.759999513626099}},{"text":"Words","targetRectangle":{"y":771.49512183666229,"x":1493.4998965263367,"width":71.039999999999964,"height":30.759999513626099}},{"text":"Latent Dirichlet Allocation (LDA)","targetRectangle":{"y":4,"x":40,"width":1013.3899999999999,"height":84}},{"text":"Bipartite graphs","targetRectangle":{"y":513.53217017650604,"x":223.41614866256714,"width":179.18400000000003,"height":30.759999513626099}},{"text":"LDA is a generative model of text documents that defines a latent space, ￼, which describes the relationship between words and documents probabilistically. ","targetRectangle":{"y":134,"x":49.8332731291448,"width":1820.2028037383186,"height":123.34930179985327}},{"text":"In LDA, documents and words are related only through ￼","targetRectangle":{"y":318.34930179985327,"x":85.8332731291448,"width":1231.8528037383178,"height":62.349301799853265}},{"text":"equation.pdf","targetRectangle":{"y":139.92395380598919,"x":1679.7832731291451,"width":25.052803738317834,"height":56.425347993864079}},{"text":"Topics","targetRectangle":{"y":661.03668677806854,"x":1297.1328495740891,"width":72.52800000000002,"height":30.759999513626099}},{"text":"￼","targetRectangle":{"y":1038.7800302505493,"x":1891.6379821178416,"width":18.788000000000011,"height":26}},{"text":"equation.pdf","targetRectangle":{"y":324.27325560584245,"x":1292.6332731291445,"width":25.052803738317834,"height":56.425347993864079}},{"text":"Document","targetRectangle":{"y":547.70331275463104,"x":1057.9749681949615,"width":117.48000000000002,"height":30.759999513626099}}],"baseLayer":{"animations":[],"initialState":{"affineTransform":[1,0,0,1,0,0],"masksToBounds":false,"rotation":0,"scale":1,"position":{"pointX":960,"pointY":540},"width":1920,"sublayerTransform":[1,0,0,0,0,1,0,0,0,0,1,0,0,0,0,1],"contentsRect":{"y":0,"x":0,"width":1,"height":1},"opacity":1,"edgeAntialiasingMask":251658240,"height":1080,"hidden":false,"anchorPoint":{"pointX":0.5,"pointY":0.5}},"objectID":"0","layers":[{"animations":[],"initialState":{"affineTransform":[1,0,0,1,0,0],"masksToBounds":false,"rotation":0,"scale":1,"position":{"pointX":960,"pointY":540},"width":1920,"sublayerTransform":[1,0,0,0,0,1,0,0,0,0,1,-0.00035007912466775983,0,0,0,1],"contentsRect":{"y":0,"x":0,"width":1,"height":1},"opacity":1,"edgeAntialiasingMask":251658240,"height":1080,"hidden":false,"anchorPoint":{"pointX":0.5,"pointY":0.5}},"layers":[{"animations":[],"layers":[],"texturedRectangle":{"isBackgroundTexture":false,"singleTextureOpacity":1,"textureType":0,"textBaseline":0,"textXHeight":0,"isVerticalText":false},"initialState":{"affineTransform":[1,0,0,1,0,0],"masksToBounds":false,"rotation":0,"scale":1,"position":{"pointX":960,"pointY":540},"width":1920,"sublayerTransform":[1,0,0,0,0,1,0,0,0,0,1,0,0,0,0,1],"contentsRect":{"y":0,"x":0,"width":1,"height":1},"opacity":1,"edgeAntialiasingMask":0,"height":1080,"hidden":false,"anchorPoint":{"pointX":0.5,"pointY":0.5}},"texture":"491F5B49FDB72FA8A5F647027A98654F"}]}]}}]}