{"assets":{"EA5B48E06FAC3A69B853801671156F56":{"type":"texture","index":0,"assetRequest":{"type":"slide","state":"contents","slide":"none"},"url":{"native":"assets\/4105D8B3-F770-4453-A6AD-3E42A8FD1F28.pdf"},"width":1920,"height":1080},"2E1FFA86A46908ADA0DBA8FB5354ADF4":{"type":"texture","index":1,"assetRequest":{"type":"slide","state":"contents","slide":"none"},"url":{"native":"assets\/4105D8B3-F770-4453-A6AD-3E42A8FD1F28.pdf"},"width":1920,"height":1080}},"events":[{"effects":[{"beginTime":0,"baseLayer":{"animations":[],"initialState":{"affineTransform":[1,0,0,1,0,0],"masksToBounds":false,"rotation":0,"scale":1,"position":{"pointX":960,"pointY":540},"width":1920,"sublayerTransform":[1,0,0,0,0,1,0,0,0,0,1,0,0,0,0,1],"contentsRect":{"y":0,"x":0,"width":1,"height":1},"opacity":1,"edgeAntialiasingMask":251658240,"height":1080,"hidden":false,"anchorPoint":{"pointX":0.5,"pointY":0.5}},"objectID":"0","layers":[{"animations":[],"initialState":{"affineTransform":[1,0,0,1,0,0],"masksToBounds":false,"rotation":0,"scale":1,"position":{"pointX":960,"pointY":540},"width":1920,"sublayerTransform":[1,0,0,0,0,1,0,0,0,0,1,-0.00035007912466775983,0,0,0,1],"contentsRect":{"y":0,"x":0,"width":1,"height":1},"opacity":1,"edgeAntialiasingMask":251658240,"height":1080,"hidden":false,"anchorPoint":{"pointX":0.5,"pointY":0.5}},"layers":[{"animations":[],"layers":[],"texturedRectangle":{"isBackgroundTexture":false,"singleTextureOpacity":1,"textureType":0,"textBaseline":0,"textXHeight":0,"isVerticalText":false},"initialState":{"affineTransform":[1,0,0,1,0,0],"masksToBounds":false,"rotation":0,"scale":1,"position":{"pointX":960,"pointY":540},"width":1920,"sublayerTransform":[1,0,0,0,0,1,0,0,0,0,1,0,0,0,0,1],"contentsRect":{"y":0,"x":0,"width":1,"height":1},"opacity":1,"edgeAntialiasingMask":0,"height":1080,"hidden":false,"anchorPoint":{"pointX":0.5,"pointY":0.5}},"texture":"2E1FFA86A46908ADA0DBA8FB5354ADF4"},{"animations":[{"additive":false,"timeOffset":0,"beginTime":0,"from":{"scalar":false},"repeatCount":0,"fillMode":"both","duration":0.01,"autoreverses":false,"property":"hidden","to":{"scalar":true},"removedOnCompletion":false}],"layers":[],"texturedRectangle":{"isBackgroundTexture":false,"singleTextureOpacity":1,"textureType":0,"textBaseline":0,"textXHeight":0,"isVerticalText":false},"initialState":{"affineTransform":[1,0,0,1,0,0],"masksToBounds":false,"rotation":0,"scale":1,"position":{"pointX":960,"pointY":540},"width":1920,"sublayerTransform":[1,0,0,0,0,1,0,0,0,0,1,0,0,0,0,1],"contentsRect":{"y":0,"x":0,"width":1,"height":1},"opacity":1,"edgeAntialiasingMask":0,"height":1080,"hidden":false,"anchorPoint":{"pointX":0.5,"pointY":0.5}},"texture":"EA5B48E06FAC3A69B853801671156F56"}]}]},"effects":[],"duration":0.01,"type":"transition","attributes":{"direction":0},"name":"none","objectID":"0"}],"automaticPlay":false,"hyperlinks":[],"accessibility":[{"text":"TF-IDF weighting","targetRectangle":{"y":4,"x":40,"width":543.69000000000005,"height":84}},{"text":"equation.pdf","targetRectangle":{"y":324.27325560584245,"x":905.33351423368845,"width":101.78744208057083,"height":64.331063466554497}},{"text":"equation.pdf","targetRectangle":{"y":324.27325560584245,"x":285.08324164801888,"width":138.95027258566978,"height":56.425347993864079}},{"text":"￼","targetRectangle":{"y":1038.7800302505493,"x":1894.5309820581315,"width":13.001999999999953,"height":26}},{"text":"TF stands for term frequency","targetRectangle":{"y":134,"x":85.833241648018884,"width":630.3499999999998,"height":61}},{"text":"IDF stands for inverse document frequency","targetRectangle":{"y":195,"x":85.833241648018884,"width":941.74999999999977,"height":61}},{"text":"Given a collection of documents, ￼, a word, ￼, and a document from the collection, ￼, the relevance score, ￼ , assigned to that word-document pair is shown below:","targetRectangle":{"y":256,"x":49.833241648018884,"width":1811.7877146662404,"height":193.60431907239695}},{"text":"There are several variants of this weighting scheme, the above is most popular.","targetRectangle":{"y":815.60431907239695,"x":85.833241648018884,"width":1724.1500000000005,"height":61}},{"text":"TF-IDF score for a query (￼) - document (￼ ) pair:","targetRectangle":{"y":937.60431907239695,"x":85.833241648018884,"width":1042.4752336448596,"height":62.349301799853265}},{"text":"equation.pdf","targetRectangle":{"y":444.88137817382812,"x":468.95535278320312,"width":547.59868548654174,"height":108.57483921321864}},{"text":"equation.pdf","targetRectangle":{"y":700.82281494140625,"x":637.3643798828125,"width":781.88480865874931,"height":49.548837046658946}},{"text":"equation.pdf","targetRectangle":{"y":943.52827287838613,"x":967.59585847044855,"width":28.212616822429936,"height":56.425347993864079}},{"text":"equation.pdf","targetRectangle":{"y":261.92395380598919,"x":812.58324164801877,"width":40.73901869158874,"height":56.425347993864079}},{"text":"equation.pdf","targetRectangle":{"y":609.935546875,"x":476.25735473632812,"width":123.99199999999996,"height":34.408000000000015}},{"text":"equation.pdf","targetRectangle":{"y":943.52827287838613,"x":640.43324164801879,"width":28.212616822429936,"height":56.425347993864079}},{"text":"equation.pdf","targetRectangle":{"y":948.408935546875,"x":1244.1470947265625,"width":383.01611923556834,"height":103.32916}},{"text":"equation.pdf","targetRectangle":{"y":602.3651123046875,"x":641.55255126953125,"width":957.10957526271795,"height":49.548840000000041}},{"text":"equation.pdf","targetRectangle":{"y":261.92395380598919,"x":1051.9222603396074,"width":37.635630841121383,"height":56.425347993864079}}],"baseLayer":{"animations":[],"initialState":{"affineTransform":[1,0,0,1,0,0],"masksToBounds":false,"rotation":0,"scale":1,"position":{"pointX":960,"pointY":540},"width":1920,"sublayerTransform":[1,0,0,0,0,1,0,0,0,0,1,0,0,0,0,1],"contentsRect":{"y":0,"x":0,"width":1,"height":1},"opacity":1,"edgeAntialiasingMask":251658240,"height":1080,"hidden":false,"anchorPoint":{"pointX":0.5,"pointY":0.5}},"objectID":"0","layers":[{"animations":[],"initialState":{"affineTransform":[1,0,0,1,0,0],"masksToBounds":false,"rotation":0,"scale":1,"position":{"pointX":960,"pointY":540},"width":1920,"sublayerTransform":[1,0,0,0,0,1,0,0,0,0,1,-0.00035007912466775983,0,0,0,1],"contentsRect":{"y":0,"x":0,"width":1,"height":1},"opacity":1,"edgeAntialiasingMask":251658240,"height":1080,"hidden":false,"anchorPoint":{"pointX":0.5,"pointY":0.5}},"layers":[{"animations":[],"layers":[],"texturedRectangle":{"isBackgroundTexture":false,"singleTextureOpacity":1,"textureType":0,"textBaseline":0,"textXHeight":0,"isVerticalText":false},"initialState":{"affineTransform":[1,0,0,1,0,0],"masksToBounds":false,"rotation":0,"scale":1,"position":{"pointX":960,"pointY":540},"width":1920,"sublayerTransform":[1,0,0,0,0,1,0,0,0,0,1,0,0,0,0,1],"contentsRect":{"y":0,"x":0,"width":1,"height":1},"opacity":1,"edgeAntialiasingMask":0,"height":1080,"hidden":false,"anchorPoint":{"pointX":0.5,"pointY":0.5}},"texture":"EA5B48E06FAC3A69B853801671156F56"}]}]}}]}