{"assets":{"35B81658A99DA2AEF9605EEF59CAD6E5":{"type":"texture","index":1,"assetRequest":{"type":"slide","state":"contents","slide":"none"},"url":{"native":"assets\/6EA45EF1-4C93-4E93-9343-E0057DD08C35.pdf"},"width":1920,"height":1080},"B420A062B470F792EAE13AA90CEA18C9":{"type":"texture","index":0,"assetRequest":{"type":"slide","state":"contents","slide":"none"},"url":{"native":"assets\/6EA45EF1-4C93-4E93-9343-E0057DD08C35.pdf"},"width":1920,"height":1080}},"events":[{"effects":[{"beginTime":0,"baseLayer":{"animations":[],"initialState":{"affineTransform":[1,0,0,1,0,0],"masksToBounds":false,"rotation":0,"scale":1,"position":{"pointX":960,"pointY":540},"width":1920,"sublayerTransform":[1,0,0,0,0,1,0,0,0,0,1,0,0,0,0,1],"contentsRect":{"y":0,"x":0,"width":1,"height":1},"opacity":1,"edgeAntialiasingMask":251658240,"height":1080,"hidden":false,"anchorPoint":{"pointX":0.5,"pointY":0.5}},"objectID":"0","layers":[{"animations":[],"initialState":{"affineTransform":[1,0,0,1,0,0],"masksToBounds":false,"rotation":0,"scale":1,"position":{"pointX":960,"pointY":540},"width":1920,"sublayerTransform":[1,0,0,0,0,1,0,0,0,0,1,-0.00035007912466775983,0,0,0,1],"contentsRect":{"y":0,"x":0,"width":1,"height":1},"opacity":1,"edgeAntialiasingMask":251658240,"height":1080,"hidden":false,"anchorPoint":{"pointX":0.5,"pointY":0.5}},"layers":[{"animations":[],"layers":[],"texturedRectangle":{"isBackgroundTexture":false,"singleTextureOpacity":1,"textureType":0,"textBaseline":0,"textXHeight":0,"isVerticalText":false},"initialState":{"affineTransform":[1,0,0,1,0,0],"masksToBounds":false,"rotation":0,"scale":1,"position":{"pointX":960,"pointY":540},"width":1920,"sublayerTransform":[1,0,0,0,0,1,0,0,0,0,1,0,0,0,0,1],"contentsRect":{"y":0,"x":0,"width":1,"height":1},"opacity":1,"edgeAntialiasingMask":0,"height":1080,"hidden":false,"anchorPoint":{"pointX":0.5,"pointY":0.5}},"texture":"35B81658A99DA2AEF9605EEF59CAD6E5"},{"animations":[{"additive":false,"timeOffset":0,"beginTime":0,"from":{"scalar":false},"repeatCount":0,"fillMode":"both","duration":0.01,"autoreverses":false,"property":"hidden","to":{"scalar":true},"removedOnCompletion":false}],"layers":[],"texturedRectangle":{"isBackgroundTexture":false,"singleTextureOpacity":1,"textureType":0,"textBaseline":0,"textXHeight":0,"isVerticalText":false},"initialState":{"affineTransform":[1,0,0,1,0,0],"masksToBounds":false,"rotation":0,"scale":1,"position":{"pointX":960,"pointY":540},"width":1920,"sublayerTransform":[1,0,0,0,0,1,0,0,0,0,1,0,0,0,0,1],"contentsRect":{"y":0,"x":0,"width":1,"height":1},"opacity":1,"edgeAntialiasingMask":0,"height":1080,"hidden":false,"anchorPoint":{"pointX":0.5,"pointY":0.5}},"texture":"B420A062B470F792EAE13AA90CEA18C9"}]}]},"effects":[],"duration":0.01,"type":"transition","attributes":{"direction":0},"name":"none","objectID":"0"}],"automaticPlay":false,"hyperlinks":[],"accessibility":[{"text":"c","targetRectangle":{"y":557.65237891674042,"x":1216.6382107138634,"width":13.680000000000064,"height":30.759999513626099}},{"text":"￼","targetRectangle":{"y":1038.7800302505493,"x":1888.3729527303658,"width":24.508000000000038,"height":26}},{"text":"Universe of states","targetRectangle":{"y":587.84134316444397,"x":1280.7252812385559,"width":149.72399999999993,"height":23.819999635219574}},{"text":"b","targetRectangle":{"y":557.65237891674042,"x":1060.729905962944,"width":15.048000000000002,"height":30.759999513626099}},{"text":"X","targetRectangle":{"y":459.62442016601562,"x":1056.846185410421,"width":22.240000000000009,"height":41.679999351501465}},{"text":"∩","targetRectangle":{"y":464.30224567651749,"x":1136.4885861873627,"width":19.63818359375,"height":33.91064453125}},{"text":"equation.pdf","targetRectangle":{"y":741.025146484375,"x":866.7337646484375,"width":928.52285513409993,"height":92.979993790388107}},{"text":"a","targetRectangle":{"y":579.65237891674042,"x":1139.8276778757572,"width":12.960000000000036,"height":30.759999513626099}},{"text":"θ","targetRectangle":{"y":461.62442016601562,"x":1214.875060076349,"width":19.515625,"height":38}},{"text":"equation.pdf","targetRectangle":{"y":435.37591552734375,"x":443.44430541992188,"width":307.79998239874828,"height":85.959994208812759}},{"text":"Bayes’ Rule","targetRectangle":{"y":4,"x":40,"width":369.17999999999995,"height":84}},{"text":"equation.pdf","targetRectangle":{"y":-110.03395080566406,"x":1769.8370361328125,"width":234.26627424766184,"height":102.65039413046836}},{"text":"Intuitive statement:","targetRectangle":{"y":197.66673278808594,"x":85.833334326743397,"width":413.94999999999993,"height":61}},{"text":"Proof","targetRectangle":{"y":441.66673278808594,"x":217.8333343267434,"width":117.20000000000005,"height":61}},{"text":"Bayes’ Rule follows by deduction:","targetRectangle":{"y":746.66673278808594,"x":85.833334326743397,"width":731.75,"height":61}},{"text":"Prescription for how to update a model given new evidence (i.e., new data)","targetRectangle":{"y":929.66673278808594,"x":85.833334326743397,"width":1628.8500000000008,"height":61}},{"text":"equation.pdf","targetRectangle":{"y":218.44023132324219,"x":538.38916015625,"width":407.30981590636588,"height":35.159999999999997}},{"text":"d","targetRectangle":{"y":516.62997901439667,"x":1138.7836779356003,"width":15.048000000000002,"height":30.759999513626099}}],"baseLayer":{"animations":[],"initialState":{"affineTransform":[1,0,0,1,0,0],"masksToBounds":false,"rotation":0,"scale":1,"position":{"pointX":960,"pointY":540},"width":1920,"sublayerTransform":[1,0,0,0,0,1,0,0,0,0,1,0,0,0,0,1],"contentsRect":{"y":0,"x":0,"width":1,"height":1},"opacity":1,"edgeAntialiasingMask":251658240,"height":1080,"hidden":false,"anchorPoint":{"pointX":0.5,"pointY":0.5}},"objectID":"0","layers":[{"animations":[],"initialState":{"affineTransform":[1,0,0,1,0,0],"masksToBounds":false,"rotation":0,"scale":1,"position":{"pointX":960,"pointY":540},"width":1920,"sublayerTransform":[1,0,0,0,0,1,0,0,0,0,1,-0.00035007912466775983,0,0,0,1],"contentsRect":{"y":0,"x":0,"width":1,"height":1},"opacity":1,"edgeAntialiasingMask":251658240,"height":1080,"hidden":false,"anchorPoint":{"pointX":0.5,"pointY":0.5}},"layers":[{"animations":[],"layers":[],"texturedRectangle":{"isBackgroundTexture":false,"singleTextureOpacity":1,"textureType":0,"textBaseline":0,"textXHeight":0,"isVerticalText":false},"initialState":{"affineTransform":[1,0,0,1,0,0],"masksToBounds":false,"rotation":0,"scale":1,"position":{"pointX":960,"pointY":540},"width":1920,"sublayerTransform":[1,0,0,0,0,1,0,0,0,0,1,0,0,0,0,1],"contentsRect":{"y":0,"x":0,"width":1,"height":1},"opacity":1,"edgeAntialiasingMask":0,"height":1080,"hidden":false,"anchorPoint":{"pointX":0.5,"pointY":0.5}},"texture":"B420A062B470F792EAE13AA90CEA18C9"}]}]}}]}