{"assets":{"AEA0AAA4B26E0466793A9909CA02D874":{"type":"texture","index":1,"assetRequest":{"type":"slide","state":"contents","slide":"none"},"url":{"native":"assets\/9D9E7E49-436B-4D37-98C8-4DFF1169D512.pdf"},"width":1920,"height":1080},"14EBF7F16626FBD546C61C0088BDE15E":{"type":"texture","index":0,"assetRequest":{"type":"slide","state":"contents","slide":"none"},"url":{"native":"assets\/9D9E7E49-436B-4D37-98C8-4DFF1169D512.pdf"},"width":1920,"height":1080}},"events":[{"effects":[{"beginTime":0,"baseLayer":{"animations":[],"initialState":{"affineTransform":[1,0,0,1,0,0],"masksToBounds":false,"rotation":0,"scale":1,"position":{"pointX":960,"pointY":540},"width":1920,"sublayerTransform":[1,0,0,0,0,1,0,0,0,0,1,0,0,0,0,1],"contentsRect":{"y":0,"x":0,"width":1,"height":1},"opacity":1,"edgeAntialiasingMask":251658240,"height":1080,"hidden":false,"anchorPoint":{"pointX":0.5,"pointY":0.5}},"objectID":"0","layers":[{"animations":[],"initialState":{"affineTransform":[1,0,0,1,0,0],"masksToBounds":false,"rotation":0,"scale":1,"position":{"pointX":960,"pointY":540},"width":1920,"sublayerTransform":[1,0,0,0,0,1,0,0,0,0,1,-0.00035007912466775983,0,0,0,1],"contentsRect":{"y":0,"x":0,"width":1,"height":1},"opacity":1,"edgeAntialiasingMask":251658240,"height":1080,"hidden":false,"anchorPoint":{"pointX":0.5,"pointY":0.5}},"layers":[{"animations":[],"layers":[],"texturedRectangle":{"isBackgroundTexture":false,"singleTextureOpacity":1,"textureType":0,"textBaseline":0,"textXHeight":0,"isVerticalText":false},"initialState":{"affineTransform":[1,0,0,1,0,0],"masksToBounds":false,"rotation":0,"scale":1,"position":{"pointX":960,"pointY":540},"width":1920,"sublayerTransform":[1,0,0,0,0,1,0,0,0,0,1,0,0,0,0,1],"contentsRect":{"y":0,"x":0,"width":1,"height":1},"opacity":1,"edgeAntialiasingMask":0,"height":1080,"hidden":false,"anchorPoint":{"pointX":0.5,"pointY":0.5}},"texture":"AEA0AAA4B26E0466793A9909CA02D874"},{"animations":[{"additive":false,"timeOffset":0,"beginTime":0,"from":{"scalar":false},"repeatCount":0,"fillMode":"both","duration":0.01,"autoreverses":false,"property":"hidden","to":{"scalar":true},"removedOnCompletion":false}],"layers":[],"texturedRectangle":{"isBackgroundTexture":false,"singleTextureOpacity":1,"textureType":0,"textBaseline":0,"textXHeight":0,"isVerticalText":false},"initialState":{"affineTransform":[1,0,0,1,0,0],"masksToBounds":false,"rotation":0,"scale":1,"position":{"pointX":960,"pointY":540},"width":1920,"sublayerTransform":[1,0,0,0,0,1,0,0,0,0,1,0,0,0,0,1],"contentsRect":{"y":0,"x":0,"width":1,"height":1},"opacity":1,"edgeAntialiasingMask":0,"height":1080,"hidden":false,"anchorPoint":{"pointX":0.5,"pointY":0.5}},"texture":"14EBF7F16626FBD546C61C0088BDE15E"}]}]},"effects":[],"duration":0.01,"type":"transition","attributes":{"direction":0},"name":"none","objectID":"0"}],"automaticPlay":false,"hyperlinks":[],"accessibility":[{"text":"equation.pdf","targetRectangle":{"y":669.26812744140625,"x":525.2344970703125,"width":316.7712923846816,"height":105.99372015234951}},{"text":"equation.pdf","targetRectangle":{"y":-110.03395080566406,"x":1769.8370361328125,"width":234.26627424766184,"height":102.65039413046836}},{"text":"equation.pdf","targetRectangle":{"y":868.09716796875,"x":524.79315185546875,"width":256.545682391269,"height":110.69999340176582}},{"text":"equation.pdf","targetRectangle":{"y":402.97793579101562,"x":583.55352783203125,"width":312.8929607851444,"height":31.860000000000014}},{"text":"Vector and tensor norms","targetRectangle":{"y":4,"x":40,"width":780.28999999999996,"height":84}},{"text":"Measure of the size, or magnitude of a vector or tensor","targetRectangle":{"y":138.00004577636719,"x":85.833334326743511,"width":1198.6500000000001,"height":61}},{"text":"Definition:  The following criteria qualify        as a norm:","targetRectangle":{"y":260.00004577636719,"x":85.833334326743511,"width":1190.4499999999998,"height":61}},{"text":"Positive definite:","targetRectangle":{"y":321.00004577636719,"x":129.83333432674351,"width":358.75,"height":61}},{"text":"Triangle inequality: ","targetRectangle":{"y":382.00004577636719,"x":129.83333432674351,"width":422.54999999999995,"height":61}},{"text":"Homogeneity: ","targetRectangle":{"y":443.00004577636719,"x":129.83333432674351,"width":320.60000000000002,"height":61}},{"text":"The ones we care about are:","targetRectangle":{"y":565.00004577636719,"x":85.833334326743511,"width":625.35000000000002,"height":61}},{"text":"Lp norm:","targetRectangle":{"y":687.00004577636719,"x":129.83333432674351,"width":191.64999999999998,"height":61}},{"text":"Frobenius norm:","targetRectangle":{"y":870.00004577636719,"x":129.83333432674351,"width":356.55000000000007,"height":61}},{"text":"equation.pdf","targetRectangle":{"y":278.42901611328125,"x":957.16650390625,"width":72.650278208903728,"height":35.399999999999977}},{"text":"equation.pdf","targetRectangle":{"y":475.35757446289062,"x":592.46820068359375,"width":372.04118387529638,"height":32.382000000000005}},{"text":"￼","targetRectangle":{"y":1038.7800302505493,"x":1888.031953574522,"width":25.190000000000055,"height":26}},{"text":"equation.pdf","targetRectangle":{"y":339.17230224609375,"x":585.637939453125,"width":308.72409204064502,"height":32.220000000000027}}],"baseLayer":{"animations":[],"initialState":{"affineTransform":[1,0,0,1,0,0],"masksToBounds":false,"rotation":0,"scale":1,"position":{"pointX":960,"pointY":540},"width":1920,"sublayerTransform":[1,0,0,0,0,1,0,0,0,0,1,0,0,0,0,1],"contentsRect":{"y":0,"x":0,"width":1,"height":1},"opacity":1,"edgeAntialiasingMask":251658240,"height":1080,"hidden":false,"anchorPoint":{"pointX":0.5,"pointY":0.5}},"objectID":"0","layers":[{"animations":[],"initialState":{"affineTransform":[1,0,0,1,0,0],"masksToBounds":false,"rotation":0,"scale":1,"position":{"pointX":960,"pointY":540},"width":1920,"sublayerTransform":[1,0,0,0,0,1,0,0,0,0,1,-0.00035007912466775983,0,0,0,1],"contentsRect":{"y":0,"x":0,"width":1,"height":1},"opacity":1,"edgeAntialiasingMask":251658240,"height":1080,"hidden":false,"anchorPoint":{"pointX":0.5,"pointY":0.5}},"layers":[{"animations":[],"layers":[],"texturedRectangle":{"isBackgroundTexture":false,"singleTextureOpacity":1,"textureType":0,"textBaseline":0,"textXHeight":0,"isVerticalText":false},"initialState":{"affineTransform":[1,0,0,1,0,0],"masksToBounds":false,"rotation":0,"scale":1,"position":{"pointX":960,"pointY":540},"width":1920,"sublayerTransform":[1,0,0,0,0,1,0,0,0,0,1,0,0,0,0,1],"contentsRect":{"y":0,"x":0,"width":1,"height":1},"opacity":1,"edgeAntialiasingMask":0,"height":1080,"hidden":false,"anchorPoint":{"pointX":0.5,"pointY":0.5}},"texture":"14EBF7F16626FBD546C61C0088BDE15E"}]}]}}]}