{"assets":{"799E098BE094C4ECD392D42F4F765307":{"type":"texture","index":0,"assetRequest":{"type":"slide","state":"contents","slide":"none"},"url":{"native":"assets\/2223B1FF-B2DA-4CC4-81EC-91104C6D6F89.pdf"},"width":1920,"height":1080},"576D05F6EB561B336EEFEDC672E75838":{"type":"texture","index":1,"assetRequest":{"type":"slide","state":"contents","slide":"none"},"url":{"native":"assets\/2223B1FF-B2DA-4CC4-81EC-91104C6D6F89.pdf"},"width":1920,"height":1080}},"events":[{"effects":[{"beginTime":0,"baseLayer":{"animations":[],"initialState":{"affineTransform":[1,0,0,1,0,0],"masksToBounds":false,"rotation":0,"scale":1,"position":{"pointX":960,"pointY":540},"width":1920,"sublayerTransform":[1,0,0,0,0,1,0,0,0,0,1,0,0,0,0,1],"contentsRect":{"y":0,"x":0,"width":1,"height":1},"opacity":1,"edgeAntialiasingMask":251658240,"height":1080,"hidden":false,"anchorPoint":{"pointX":0.5,"pointY":0.5}},"objectID":"0","layers":[{"animations":[],"initialState":{"affineTransform":[1,0,0,1,0,0],"masksToBounds":false,"rotation":0,"scale":1,"position":{"pointX":960,"pointY":540},"width":1920,"sublayerTransform":[1,0,0,0,0,1,0,0,0,0,1,-0.00035007912466775983,0,0,0,1],"contentsRect":{"y":0,"x":0,"width":1,"height":1},"opacity":1,"edgeAntialiasingMask":251658240,"height":1080,"hidden":false,"anchorPoint":{"pointX":0.5,"pointY":0.5}},"layers":[{"animations":[],"layers":[],"texturedRectangle":{"isBackgroundTexture":false,"singleTextureOpacity":1,"textureType":0,"textBaseline":0,"textXHeight":0,"isVerticalText":false},"initialState":{"affineTransform":[1,0,0,1,0,0],"masksToBounds":false,"rotation":0,"scale":1,"position":{"pointX":960,"pointY":540},"width":1920,"sublayerTransform":[1,0,0,0,0,1,0,0,0,0,1,0,0,0,0,1],"contentsRect":{"y":0,"x":0,"width":1,"height":1},"opacity":1,"edgeAntialiasingMask":0,"height":1080,"hidden":false,"anchorPoint":{"pointX":0.5,"pointY":0.5}},"texture":"576D05F6EB561B336EEFEDC672E75838"},{"animations":[{"additive":false,"timeOffset":0,"beginTime":0,"from":{"scalar":false},"repeatCount":0,"fillMode":"both","duration":0.01,"autoreverses":false,"property":"hidden","to":{"scalar":true},"removedOnCompletion":false}],"layers":[],"texturedRectangle":{"isBackgroundTexture":false,"singleTextureOpacity":1,"textureType":0,"textBaseline":0,"textXHeight":0,"isVerticalText":false},"initialState":{"affineTransform":[1,0,0,1,0,0],"masksToBounds":false,"rotation":0,"scale":1,"position":{"pointX":960,"pointY":540},"width":1920,"sublayerTransform":[1,0,0,0,0,1,0,0,0,0,1,0,0,0,0,1],"contentsRect":{"y":0,"x":0,"width":1,"height":1},"opacity":1,"edgeAntialiasingMask":0,"height":1080,"hidden":false,"anchorPoint":{"pointX":0.5,"pointY":0.5}},"texture":"799E098BE094C4ECD392D42F4F765307"}]}]},"effects":[],"duration":0.01,"type":"transition","attributes":{"direction":0},"name":"none","objectID":"0"}],"automaticPlay":false,"hyperlinks":[],"accessibility":[{"text":"equation.pdf","targetRectangle":{"y":870.09869384765625,"x":1216.6309814453125,"width":114.58666666666659,"height":36.120000000000005}},{"text":"equation.pdf","targetRectangle":{"y":997.67779541015625,"x":56.833786010742188,"width":17.676000000000002,"height":25.596000000000004}},{"text":"equation.pdf","targetRectangle":{"y":-110.03395080566406,"x":1769.8370361328125,"width":234.26627424766184,"height":102.65039413046836}},{"text":"equation.pdf","targetRectangle":{"y":140.12490844726562,"x":1646.45751953125,"width":127.94666666666672,"height":35}},{"text":"￼","targetRectangle":{"y":1038.7800302505493,"x":1887.998952661248,"width":25.256000000000085,"height":26}},{"text":"Note: technically natural log, but true to within a constant","targetRectangle":{"y":612.98993384838104,"x":727.37914848327637,"width":647.37599999999975,"height":30.759999513626099}},{"text":"Maximum likelihood estimation","targetRectangle":{"y":4,"x":40,"width":987.20999999999981,"height":84}},{"text":"equation.pdf","targetRectangle":{"y":989.2181396484375,"x":516.6806640625,"width":19.324439632284793,"height":34.515358019628479}},{"text":"equation.pdf","targetRectangle":{"y":389.70285034179688,"x":203.20016479492188,"width":584.57136010299678,"height":414.05945840251695}},{"text":"Estimates the parameters,  , of a distribution using a likelihood  function,           , given some data, D.","targetRectangle":{"y":118.38414001464844,"x":37.000001311301276,"width":1766.8,"height":122}},{"text":"We maximize the likelihood function by minimizing its -logarithm:","targetRectangle":{"y":301.38414001464844,"x":73.000001311301276,"width":1404.4999999999998,"height":61}},{"text":"This expresses an optimization problem; the form of           dictates how we solve it","targetRectangle":{"y":850.38414001464844,"x":73.000001311301276,"width":1795.4000000000017,"height":61}},{"text":"In deep learning, this function is a neural network; we compute its gradient w.r.t.   , and then estimate    using stochastic gradient descent (SGD).","targetRectangle":{"y":911.38414001464844,"x":81.000001311301276,"width":1808.5000000000005,"height":122}},{"text":"equation.pdf","targetRectangle":{"y":142.826904296875,"x":649.288818359375,"width":17.676000000000045,"height":25.596000000000004}}],"baseLayer":{"animations":[],"initialState":{"affineTransform":[1,0,0,1,0,0],"masksToBounds":false,"rotation":0,"scale":1,"position":{"pointX":960,"pointY":540},"width":1920,"sublayerTransform":[1,0,0,0,0,1,0,0,0,0,1,0,0,0,0,1],"contentsRect":{"y":0,"x":0,"width":1,"height":1},"opacity":1,"edgeAntialiasingMask":251658240,"height":1080,"hidden":false,"anchorPoint":{"pointX":0.5,"pointY":0.5}},"objectID":"0","layers":[{"animations":[],"initialState":{"affineTransform":[1,0,0,1,0,0],"masksToBounds":false,"rotation":0,"scale":1,"position":{"pointX":960,"pointY":540},"width":1920,"sublayerTransform":[1,0,0,0,0,1,0,0,0,0,1,-0.00035007912466775983,0,0,0,1],"contentsRect":{"y":0,"x":0,"width":1,"height":1},"opacity":1,"edgeAntialiasingMask":251658240,"height":1080,"hidden":false,"anchorPoint":{"pointX":0.5,"pointY":0.5}},"layers":[{"animations":[],"layers":[],"texturedRectangle":{"isBackgroundTexture":false,"singleTextureOpacity":1,"textureType":0,"textBaseline":0,"textXHeight":0,"isVerticalText":false},"initialState":{"affineTransform":[1,0,0,1,0,0],"masksToBounds":false,"rotation":0,"scale":1,"position":{"pointX":960,"pointY":540},"width":1920,"sublayerTransform":[1,0,0,0,0,1,0,0,0,0,1,0,0,0,0,1],"contentsRect":{"y":0,"x":0,"width":1,"height":1},"opacity":1,"edgeAntialiasingMask":0,"height":1080,"hidden":false,"anchorPoint":{"pointX":0.5,"pointY":0.5}},"texture":"799E098BE094C4ECD392D42F4F765307"}]}]}}]}