{"assets":{"BB7F1196F7F1627D70816F47821F5842":{"type":"texture","index":0,"assetRequest":{"type":"slide","state":"contents","slide":"none"},"url":{"native":"assets\/5F882EFF-F846-4994-B9D2-36B369BCC5FD.pdf"},"width":1920,"height":1080},"8DB7662E78C73A9B343A56839EFA0D76":{"type":"texture","index":1,"assetRequest":{"type":"slide","state":"contents","slide":"none"},"url":{"native":"assets\/5F882EFF-F846-4994-B9D2-36B369BCC5FD.pdf"},"width":1920,"height":1080}},"events":[{"effects":[{"beginTime":0,"baseLayer":{"animations":[],"initialState":{"affineTransform":[1,0,0,1,0,0],"masksToBounds":false,"rotation":0,"scale":1,"position":{"pointX":960,"pointY":540},"width":1920,"sublayerTransform":[1,0,0,0,0,1,0,0,0,0,1,0,0,0,0,1],"contentsRect":{"y":0,"x":0,"width":1,"height":1},"opacity":1,"edgeAntialiasingMask":251658240,"height":1080,"hidden":false,"anchorPoint":{"pointX":0.5,"pointY":0.5}},"objectID":"0","layers":[{"animations":[],"initialState":{"affineTransform":[1,0,0,1,0,0],"masksToBounds":false,"rotation":0,"scale":1,"position":{"pointX":960,"pointY":540},"width":1920,"sublayerTransform":[1,0,0,0,0,1,0,0,0,0,1,-0.00035007912466775983,0,0,0,1],"contentsRect":{"y":0,"x":0,"width":1,"height":1},"opacity":1,"edgeAntialiasingMask":251658240,"height":1080,"hidden":false,"anchorPoint":{"pointX":0.5,"pointY":0.5}},"layers":[{"animations":[],"layers":[],"texturedRectangle":{"isBackgroundTexture":false,"singleTextureOpacity":1,"textureType":0,"textBaseline":0,"textXHeight":0,"isVerticalText":false},"initialState":{"affineTransform":[1,0,0,1,0,0],"masksToBounds":false,"rotation":0,"scale":1,"position":{"pointX":960,"pointY":540},"width":1920,"sublayerTransform":[1,0,0,0,0,1,0,0,0,0,1,0,0,0,0,1],"contentsRect":{"y":0,"x":0,"width":1,"height":1},"opacity":1,"edgeAntialiasingMask":0,"height":1080,"hidden":false,"anchorPoint":{"pointX":0.5,"pointY":0.5}},"texture":"8DB7662E78C73A9B343A56839EFA0D76"},{"animations":[{"additive":false,"timeOffset":0,"beginTime":0,"from":{"scalar":false},"repeatCount":0,"fillMode":"both","duration":0.01,"autoreverses":false,"property":"hidden","to":{"scalar":true},"removedOnCompletion":false}],"layers":[],"texturedRectangle":{"isBackgroundTexture":false,"singleTextureOpacity":1,"textureType":0,"textBaseline":0,"textXHeight":0,"isVerticalText":false},"initialState":{"affineTransform":[1,0,0,1,0,0],"masksToBounds":false,"rotation":0,"scale":1,"position":{"pointX":960,"pointY":540},"width":1920,"sublayerTransform":[1,0,0,0,0,1,0,0,0,0,1,0,0,0,0,1],"contentsRect":{"y":0,"x":0,"width":1,"height":1},"opacity":1,"edgeAntialiasingMask":0,"height":1080,"hidden":false,"anchorPoint":{"pointX":0.5,"pointY":0.5}},"texture":"BB7F1196F7F1627D70816F47821F5842"}]}]},"effects":[],"duration":0.01,"type":"transition","attributes":{"direction":0},"name":"none","objectID":"0"}],"automaticPlay":false,"hyperlinks":[],"accessibility":[{"text":"￼","targetRectangle":{"y":1038.7800302505493,"x":1890.4299536423059,"width":20.394000000000005,"height":26}},{"text":"equation.pdf","targetRectangle":{"y":832.4462890625,"x":458.97479248046875,"width":510.34476995071384,"height":147.50279999999998}},{"text":"equation.pdf","targetRectangle":{"y":525.3079833984375,"x":749.33685302734375,"width":342.73399936388341,"height":39.39407782359126}},{"text":"Vector spaces, inner & outer products","targetRectangle":{"y":4,"x":40,"width":1189.3000000000002,"height":84}},{"text":"equation.pdf","targetRectangle":{"y":402.73855590820312,"x":747.0673828125,"width":107.70212000000004,"height":30.9826801716614}},{"text":"equation.pdf","targetRectangle":{"y":-110.03395080566406,"x":1769.8370361328125,"width":234.26627424766184,"height":102.65039413046836}},{"text":"equation.pdf","targetRectangle":{"y":673.87353515625,"x":993.30987548828125,"width":538.08880171696364,"height":102.65039413046838}},{"text":"In this class we represent data in a vector space","targetRectangle":{"y":138.00004577636719,"x":85.833334326743511,"width":1047.4499999999998,"height":61}},{"text":"This means a data point lies in a grid (2D), cube (3D), or hypercube (4D+)    … in the general case it’s N-dimensional ","targetRectangle":{"y":199.00004577636719,"x":93.833334326743511,"width":1663.5,"height":122}},{"text":"A point in space is represented by a vector","targetRectangle":{"y":321.00004577636719,"x":129.83333432674351,"width":936.75000000000011,"height":61}},{"text":"vector:","targetRectangle":{"y":382.00004577636719,"x":173.83333432674351,"width":148.70000000000005,"height":61}},{"text":"its scalar components:","targetRectangle":{"y":443.00004577636719,"x":173.83333432674351,"width":487.20000000000005,"height":61}},{"text":"concretely:  ","targetRectangle":{"y":504.00004577636719,"x":173.83333432674351,"width":266.19999999999999,"height":61}},{"text":"Inner product (dot product in this class):","targetRectangle":{"y":687.00004577636719,"x":85.833334326743511,"width":861,"height":61}},{"text":"Outer product:","targetRectangle":{"y":870.00004577636719,"x":85.833334326743511,"width":319.09999999999997,"height":61}},{"text":"equation.pdf","targetRectangle":{"y":460.96002197265625,"x":745.62298583984375,"width":397.91862140487592,"height":33.869159999999965}}],"baseLayer":{"animations":[],"initialState":{"affineTransform":[1,0,0,1,0,0],"masksToBounds":false,"rotation":0,"scale":1,"position":{"pointX":960,"pointY":540},"width":1920,"sublayerTransform":[1,0,0,0,0,1,0,0,0,0,1,0,0,0,0,1],"contentsRect":{"y":0,"x":0,"width":1,"height":1},"opacity":1,"edgeAntialiasingMask":251658240,"height":1080,"hidden":false,"anchorPoint":{"pointX":0.5,"pointY":0.5}},"objectID":"0","layers":[{"animations":[],"initialState":{"affineTransform":[1,0,0,1,0,0],"masksToBounds":false,"rotation":0,"scale":1,"position":{"pointX":960,"pointY":540},"width":1920,"sublayerTransform":[1,0,0,0,0,1,0,0,0,0,1,-0.00035007912466775983,0,0,0,1],"contentsRect":{"y":0,"x":0,"width":1,"height":1},"opacity":1,"edgeAntialiasingMask":251658240,"height":1080,"hidden":false,"anchorPoint":{"pointX":0.5,"pointY":0.5}},"layers":[{"animations":[],"layers":[],"texturedRectangle":{"isBackgroundTexture":false,"singleTextureOpacity":1,"textureType":0,"textBaseline":0,"textXHeight":0,"isVerticalText":false},"initialState":{"affineTransform":[1,0,0,1,0,0],"masksToBounds":false,"rotation":0,"scale":1,"position":{"pointX":960,"pointY":540},"width":1920,"sublayerTransform":[1,0,0,0,0,1,0,0,0,0,1,0,0,0,0,1],"contentsRect":{"y":0,"x":0,"width":1,"height":1},"opacity":1,"edgeAntialiasingMask":0,"height":1080,"hidden":false,"anchorPoint":{"pointX":0.5,"pointY":0.5}},"texture":"BB7F1196F7F1627D70816F47821F5842"}]}]}}]}