{"assets":{"9A500BD1970EB4A8014688F5E8386A6D":{"type":"texture","index":0,"assetRequest":{"type":"slide","state":"contents","slide":"none"},"url":{"native":"assets\/7131CA1B-63ED-4D07-A42D-8F04CDACE103.pdf"},"width":1920,"height":1080},"7A8E793A4AAD3A8E7D33D4E157259D43":{"type":"texture","index":1,"assetRequest":{"type":"slide","state":"contents","slide":"none"},"url":{"native":"assets\/7131CA1B-63ED-4D07-A42D-8F04CDACE103.pdf"},"width":1920,"height":1080}},"events":[{"effects":[{"beginTime":0,"baseLayer":{"animations":[],"initialState":{"affineTransform":[1,0,0,1,0,0],"masksToBounds":false,"rotation":0,"scale":1,"position":{"pointX":960,"pointY":540},"width":1920,"sublayerTransform":[1,0,0,0,0,1,0,0,0,0,1,0,0,0,0,1],"contentsRect":{"y":0,"x":0,"width":1,"height":1},"opacity":1,"edgeAntialiasingMask":251658240,"height":1080,"hidden":false,"anchorPoint":{"pointX":0.5,"pointY":0.5}},"objectID":"0","layers":[{"animations":[],"initialState":{"affineTransform":[1,0,0,1,0,0],"masksToBounds":false,"rotation":0,"scale":1,"position":{"pointX":960,"pointY":540},"width":1920,"sublayerTransform":[1,0,0,0,0,1,0,0,0,0,1,-0.00035007912466775983,0,0,0,1],"contentsRect":{"y":0,"x":0,"width":1,"height":1},"opacity":1,"edgeAntialiasingMask":251658240,"height":1080,"hidden":false,"anchorPoint":{"pointX":0.5,"pointY":0.5}},"layers":[{"animations":[],"layers":[],"texturedRectangle":{"isBackgroundTexture":false,"singleTextureOpacity":1,"textureType":0,"textBaseline":0,"textXHeight":0,"isVerticalText":false},"initialState":{"affineTransform":[1,0,0,1,0,0],"masksToBounds":false,"rotation":0,"scale":1,"position":{"pointX":960,"pointY":540},"width":1920,"sublayerTransform":[1,0,0,0,0,1,0,0,0,0,1,0,0,0,0,1],"contentsRect":{"y":0,"x":0,"width":1,"height":1},"opacity":1,"edgeAntialiasingMask":0,"height":1080,"hidden":false,"anchorPoint":{"pointX":0.5,"pointY":0.5}},"texture":"7A8E793A4AAD3A8E7D33D4E157259D43"},{"animations":[{"additive":false,"timeOffset":0,"beginTime":0,"from":{"scalar":false},"repeatCount":0,"fillMode":"both","duration":0.01,"autoreverses":false,"property":"hidden","to":{"scalar":true},"removedOnCompletion":false}],"layers":[],"texturedRectangle":{"isBackgroundTexture":false,"singleTextureOpacity":1,"textureType":0,"textBaseline":0,"textXHeight":0,"isVerticalText":false},"initialState":{"affineTransform":[1,0,0,1,0,0],"masksToBounds":false,"rotation":0,"scale":1,"position":{"pointX":960,"pointY":540},"width":1920,"sublayerTransform":[1,0,0,0,0,1,0,0,0,0,1,0,0,0,0,1],"contentsRect":{"y":0,"x":0,"width":1,"height":1},"opacity":1,"edgeAntialiasingMask":0,"height":1080,"hidden":false,"anchorPoint":{"pointX":0.5,"pointY":0.5}},"texture":"9A500BD1970EB4A8014688F5E8386A6D"}]}]},"effects":[],"duration":0.01,"type":"transition","attributes":{"direction":0},"name":"none","objectID":"0"}],"automaticPlay":false,"hyperlinks":[{"url":"https:\/\/github.com\/chrislarson1\/GU-ANLY-580-FALL-2021.git","targetRectangle":{"y":976,"x":129.83332347869873,"width":1136.3,"height":65}}],"accessibility":[{"text":"￼","targetRectangle":{"y":1038.7800302505493,"x":1895.3669821500662,"width":11.329999999999927,"height":26}},{"text":"Course logistics","targetRectangle":{"y":4,"x":40,"width":503.64999999999986,"height":84}},{"text":"Instructors:","targetRectangle":{"y":134,"x":85.83332097530365,"width":240.79999999999995,"height":61}},{"text":"Chris Larson (chris.larson@georgetown.edu)","targetRectangle":{"y":195,"x":129.8333215713501,"width":767.5999999999998,"height":48}},{"text":"Teaching Assistants:","targetRectangle":{"y":243,"x":85.83332347869873,"width":388.91599999999994,"height":65}},{"text":"Yunfei Zhang (yz678)","targetRectangle":{"y":308,"x":129.8333215713501,"width":366.36000000000007,"height":48}},{"text":"Faye Wang (yw708)","targetRectangle":{"y":356,"x":129.8333215713501,"width":342.76000000000005,"height":48}},{"text":"Section 1: ","targetRectangle":{"y":404,"x":85.83332347869873,"width":192.32400000000001,"height":53}},{"text":"Lecture: Mon 6:30-9pm","targetRectangle":{"y":457,"x":129.8333215713501,"width":409.03999999999996,"height":48}},{"text":"Location: Remote","targetRectangle":{"y":505,"x":129.8333215713501,"width":303.63999999999999,"height":48}},{"text":"Section 2: ","targetRectangle":{"y":553,"x":85.83332347869873,"width":203.27999999999997,"height":53}},{"text":"Lecture: Thu 3:30-6pm","targetRectangle":{"y":606,"x":129.8333215713501,"width":397.31999999999994,"height":48}},{"text":"Location: Intercultural Center Rm 115","targetRectangle":{"y":654,"x":129.8333215713501,"width":632.92000000000007,"height":48}},{"text":"Office hours:","targetRectangle":{"y":702,"x":85.83332347869873,"width":245.16800000000001,"height":65}},{"text":"Fri 12-2pm EST","targetRectangle":{"y":767,"x":129.8333215713501,"width":261.47999999999996,"height":48}},{"text":"Starts Sep 03","targetRectangle":{"y":815,"x":129.8333215713501,"width":235.48000000000002,"height":48}},{"text":"Zoom based","targetRectangle":{"y":863,"x":129.8333215713501,"width":220,"height":48}},{"text":"Course GitHub repository:","targetRectangle":{"y":911,"x":85.83332347869873,"width":501.07199999999989,"height":65}},{"text":"https:\/\/github.com\/chrislarson1\/GU-ANLY-580-FALL-2021.git","targetRectangle":{"y":976,"x":129.83332347869873,"width":1136.3,"height":65}}],"baseLayer":{"animations":[],"initialState":{"affineTransform":[1,0,0,1,0,0],"masksToBounds":false,"rotation":0,"scale":1,"position":{"pointX":960,"pointY":540},"width":1920,"sublayerTransform":[1,0,0,0,0,1,0,0,0,0,1,0,0,0,0,1],"contentsRect":{"y":0,"x":0,"width":1,"height":1},"opacity":1,"edgeAntialiasingMask":251658240,"height":1080,"hidden":false,"anchorPoint":{"pointX":0.5,"pointY":0.5}},"objectID":"0","layers":[{"animations":[],"initialState":{"affineTransform":[1,0,0,1,0,0],"masksToBounds":false,"rotation":0,"scale":1,"position":{"pointX":960,"pointY":540},"width":1920,"sublayerTransform":[1,0,0,0,0,1,0,0,0,0,1,-0.00035007912466775983,0,0,0,1],"contentsRect":{"y":0,"x":0,"width":1,"height":1},"opacity":1,"edgeAntialiasingMask":251658240,"height":1080,"hidden":false,"anchorPoint":{"pointX":0.5,"pointY":0.5}},"layers":[{"animations":[],"layers":[],"texturedRectangle":{"isBackgroundTexture":false,"singleTextureOpacity":1,"textureType":0,"textBaseline":0,"textXHeight":0,"isVerticalText":false},"initialState":{"affineTransform":[1,0,0,1,0,0],"masksToBounds":false,"rotation":0,"scale":1,"position":{"pointX":960,"pointY":540},"width":1920,"sublayerTransform":[1,0,0,0,0,1,0,0,0,0,1,0,0,0,0,1],"contentsRect":{"y":0,"x":0,"width":1,"height":1},"opacity":1,"edgeAntialiasingMask":0,"height":1080,"hidden":false,"anchorPoint":{"pointX":0.5,"pointY":0.5}},"texture":"9A500BD1970EB4A8014688F5E8386A6D"}]}]}}]}