{"autoplayTransitionDelay":5,"author":"","timestamp":"2021-5-16 11:9:9","loopSlideshow":0,"filename":"lecture-04.key","autoplayBuildDelay":2,"comment":"","title":"lecture-04.key","showMode":0,"creator":"Apple Keynote 11.1","slideList":["3860B916-F918-4E87-9C56-12C349CDFDEB","F18410C4-CA73-4432-B42A-534FFF20C3DB","A87F1303-788B-461E-A0ED-9DFB8B8B26D2","14E9350B-9272-4B01-9111-576AD4789068","7B892F51-5029-4DC2-A781-61835BA7B479","4105D8B3-F770-4453-A6AD-3E42A8FD1F28","C755F74A-4C9F-4168-A089-7953ADD7BDD0","31F4A413-C7DF-4BC3-8B2C-14BF4F7D482A","F32086EF-AEF7-41F8-A179-61B23C7B3483","3A63B9D2-7B78-406B-9CAE-D24A5A1E43FE","1F765413-576D-4497-9CDD-F7526BE21315","73552B80-9824-43B6-BDA3-DB9565BFE842","FEFDD755-D678-43E0-8A4A-CE99DC85ADC3","406A957D-317E-457B-8CA7-FBB734358621","E5F64A71-CCC1-491C-98D0-0266907FD6EF","C69E16F4-5DD2-4C41-94E4-5170A89BE3FB","54AD23B4-5152-463B-B664-2F4A9A4CFB00","EE1613FF-5DB8-40A1-ABF4-46B553EF3D3F","859CDDD0-0F82-45DB-AB04-BA0D8EF3B465","F0BF5D8F-4995-4270-9141-AFA3296D9BC8"],"soundtrack":{"mode":0,"volume":1},"slideWidth":1920,"slideHeight":1080,"slideCount":20,"majorVersion":1,"minorVersion":2,"fonts":["CourierNewPSMT","ProximaNova-Bold","HelveticaNeue","ProximaNova-Regular","Graphik-RegularItalic","Helvetica","Graphik-Medium","Graphik-Regular","Graphik-Semibold"]}