{"assets":{"6719714FA81EA0A0E1235A205183787B":{"type":"texture","index":0,"assetRequest":{"type":"slide","state":"contents","slide":"none"},"url":{"native":"assets\/BAC93D56-D309-4CC3-8199-E25F345A01E3.pdf"},"width":1920,"height":1080},"0308C7FC740E055447A68CA064BD1BC6":{"type":"texture","index":1,"assetRequest":{"type":"slide","state":"contents","slide":"none"},"url":{"native":"assets\/BAC93D56-D309-4CC3-8199-E25F345A01E3.pdf"},"width":1920,"height":1080}},"events":[{"effects":[{"beginTime":0,"baseLayer":{"animations":[],"initialState":{"affineTransform":[1,0,0,1,0,0],"masksToBounds":false,"rotation":0,"scale":1,"position":{"pointX":960,"pointY":540},"width":1920,"sublayerTransform":[1,0,0,0,0,1,0,0,0,0,1,0,0,0,0,1],"contentsRect":{"y":0,"x":0,"width":1,"height":1},"opacity":1,"edgeAntialiasingMask":251658240,"height":1080,"hidden":false,"anchorPoint":{"pointX":0.5,"pointY":0.5}},"objectID":"0","layers":[{"animations":[],"initialState":{"affineTransform":[1,0,0,1,0,0],"masksToBounds":false,"rotation":0,"scale":1,"position":{"pointX":960,"pointY":540},"width":1920,"sublayerTransform":[1,0,0,0,0,1,0,0,0,0,1,-0.00035007912466775983,0,0,0,1],"contentsRect":{"y":0,"x":0,"width":1,"height":1},"opacity":1,"edgeAntialiasingMask":251658240,"height":1080,"hidden":false,"anchorPoint":{"pointX":0.5,"pointY":0.5}},"layers":[{"animations":[],"layers":[],"texturedRectangle":{"isBackgroundTexture":false,"singleTextureOpacity":1,"textureType":0,"textBaseline":0,"textXHeight":0,"isVerticalText":false},"initialState":{"affineTransform":[1,0,0,1,0,0],"masksToBounds":false,"rotation":0,"scale":1,"position":{"pointX":960,"pointY":540},"width":1920,"sublayerTransform":[1,0,0,0,0,1,0,0,0,0,1,0,0,0,0,1],"contentsRect":{"y":0,"x":0,"width":1,"height":1},"opacity":1,"edgeAntialiasingMask":0,"height":1080,"hidden":false,"anchorPoint":{"pointX":0.5,"pointY":0.5}},"texture":"0308C7FC740E055447A68CA064BD1BC6"},{"animations":[{"additive":false,"timeOffset":0,"beginTime":0,"from":{"scalar":false},"repeatCount":0,"fillMode":"both","duration":0.01,"autoreverses":false,"property":"hidden","to":{"scalar":true},"removedOnCompletion":false}],"layers":[],"texturedRectangle":{"isBackgroundTexture":false,"singleTextureOpacity":1,"textureType":0,"textBaseline":0,"textXHeight":0,"isVerticalText":false},"initialState":{"affineTransform":[1,0,0,1,0,0],"masksToBounds":false,"rotation":0,"scale":1,"position":{"pointX":960,"pointY":540},"width":1920,"sublayerTransform":[1,0,0,0,0,1,0,0,0,0,1,0,0,0,0,1],"contentsRect":{"y":0,"x":0,"width":1,"height":1},"opacity":1,"edgeAntialiasingMask":0,"height":1080,"hidden":false,"anchorPoint":{"pointX":0.5,"pointY":0.5}},"texture":"6719714FA81EA0A0E1235A205183787B"}]}]},"effects":[],"duration":0.01,"type":"transition","attributes":{"direction":0},"name":"none","objectID":"0"}],"automaticPlay":false,"hyperlinks":[],"accessibility":[{"text":"equation.pdf","targetRectangle":{"y":136.92395380598919,"x":1535.9832809209827,"width":37.635630841121611,"height":56.425347993864079}},{"text":"equation.pdf","targetRectangle":{"y":10.893535328384882,"x":341.76999999999998,"width":52.689883177570096,"height":78.995487191409694}},{"text":"equation.pdf","targetRectangle":{"y":318.91889513590399,"x":226.18328092098236,"width":184.0904595015576,"height":60.1290102636558}},{"text":"equation.pdf","targetRectangle":{"y":788.0294189453125,"x":1142.2413330078125,"width":337.79599999999982,"height":34.379999999999995}},{"text":"equation.pdf","targetRectangle":{"y":195.40934567249934,"x":532.03328092098241,"width":184.09045950155769,"height":60.289257927207188}},{"text":"The approach on the previous slide is the preferred method when ￼ is a manageable size, say ￼.","targetRectangle":{"y":131,"x":49.833280920982361,"width":1623.3356308411219,"height":124.69860359970653}},{"text":"When ￼, the partition function (denominator of the softmax function) becomes prohibitively expensive to compute due the ￼ scaling. ","targetRectangle":{"y":316.69860359970653,"x":49.833280920982361,"width":1678.4404595015578,"height":124.69860359970653}},{"text":"There are several approaches to get around having to compute the (full) partition function:","targetRectangle":{"y":502.39720719941306,"x":49.833280920982361,"width":1811.9999999999998,"height":122}},{"text":"Hierarchical softmax","targetRectangle":{"y":624.39720719941306,"x":173.83328092098236,"width":444.95000000000005,"height":61}},{"text":"Importance sampling (IS)","targetRectangle":{"y":685.39720719941306,"x":173.83328092098236,"width":536.94999999999993,"height":61}},{"text":"Adaptive IS","targetRectangle":{"y":746.39720719941306,"x":173.83328092098236,"width":249.45000000000005,"height":61}},{"text":"Target sampling","targetRectangle":{"y":807.39720719941306,"x":173.83328092098236,"width":348.5,"height":61}},{"text":"Noise contrastive estimation (NCE)","targetRectangle":{"y":868.39720719941306,"x":173.83328092098236,"width":754.29999999999984,"height":61}},{"text":"Negative sampling","targetRectangle":{"y":929.39720719941306,"x":173.83328092098236,"width":407.54999999999995,"height":61}},{"text":"For large ￼, we need to avoid the partition function","targetRectangle":{"y":4,"x":40,"width":1617.5398831775701,"height":85.88902251979458}},{"text":"equation.pdf","targetRectangle":{"y":384.97185920554898,"x":1222.6332809209825,"width":154.56752336448608,"height":56.425347993864079}},{"text":"￼","targetRectangle":{"y":1038.7800302505493,"x":1890.5709820144984,"width":20.922000000000025,"height":26}}],"baseLayer":{"animations":[],"initialState":{"affineTransform":[1,0,0,1,0,0],"masksToBounds":false,"rotation":0,"scale":1,"position":{"pointX":960,"pointY":540},"width":1920,"sublayerTransform":[1,0,0,0,0,1,0,0,0,0,1,0,0,0,0,1],"contentsRect":{"y":0,"x":0,"width":1,"height":1},"opacity":1,"edgeAntialiasingMask":251658240,"height":1080,"hidden":false,"anchorPoint":{"pointX":0.5,"pointY":0.5}},"objectID":"0","layers":[{"animations":[],"initialState":{"affineTransform":[1,0,0,1,0,0],"masksToBounds":false,"rotation":0,"scale":1,"position":{"pointX":960,"pointY":540},"width":1920,"sublayerTransform":[1,0,0,0,0,1,0,0,0,0,1,-0.00035007912466775983,0,0,0,1],"contentsRect":{"y":0,"x":0,"width":1,"height":1},"opacity":1,"edgeAntialiasingMask":251658240,"height":1080,"hidden":false,"anchorPoint":{"pointX":0.5,"pointY":0.5}},"layers":[{"animations":[],"layers":[],"texturedRectangle":{"isBackgroundTexture":false,"singleTextureOpacity":1,"textureType":0,"textBaseline":0,"textXHeight":0,"isVerticalText":false},"initialState":{"affineTransform":[1,0,0,1,0,0],"masksToBounds":false,"rotation":0,"scale":1,"position":{"pointX":960,"pointY":540},"width":1920,"sublayerTransform":[1,0,0,0,0,1,0,0,0,0,1,0,0,0,0,1],"contentsRect":{"y":0,"x":0,"width":1,"height":1},"opacity":1,"edgeAntialiasingMask":0,"height":1080,"hidden":false,"anchorPoint":{"pointX":0.5,"pointY":0.5}},"texture":"6719714FA81EA0A0E1235A205183787B"}]}]}}]}