{"autoplayTransitionDelay":5,"author":"","timestamp":"2021-48-28 10:9:0","loopSlideshow":0,"filename":"lecture-05.key","autoplayBuildDelay":2,"comment":"","title":"lecture-05.key","showMode":0,"creator":"Apple Keynote 11.1","slideList":["3860B916-F918-4E87-9C56-12C349CDFDEB","F18410C4-CA73-4432-B42A-534FFF20C3DB","A87F1303-788B-461E-A0ED-9DFB8B8B26D2","A3D8ED34-7BA9-40F9-88BF-00F934CCBD64","7494EA67-F92D-4EA1-82DE-B4B9ACEB6DDE","F8637D3C-CAF1-499C-8F1A-AFF68E4A12EE","66C92680-1E3D-410C-857F-331474127399","C37F9DF2-A0C1-4A42-AEE2-B54BADE15BAA","69D68013-B69E-4E1E-A644-02F7983543F5","BAC93D56-D309-4CC3-8199-E25F345A01E3","84CDBCAD-97A2-41A0-9A82-97F550DA52EC","80C3507F-A36D-48E5-8D19-BC0F193F9FAD","F0BF5D8F-4995-4270-9141-AFA3296D9BC8"],"soundtrack":{"mode":0,"volume":1},"slideWidth":1920,"slideHeight":1080,"slideCount":13,"majorVersion":1,"minorVersion":2,"fonts":["CourierNewPSMT","ProximaNova-Bold","Graphik-RegularItalic","HelveticaNeue","ProximaNova-Regular","Helvetica","Graphik-Medium","Graphik-Regular","Graphik-Semibold"]}