{"assets":{"DD38D5A035DB962F4DBE511FBA344E34":{"type":"texture","index":1,"assetRequest":{"type":"slide","state":"contents","slide":"none"},"url":{"native":"assets\/79B4126C-64C0-4E96-96BC-D8282E51E087.pdf"},"width":1920,"height":1080},"F9CE3C5A3216DEA255556E358AEADB70":{"type":"texture","index":0,"assetRequest":{"type":"slide","state":"contents","slide":"none"},"url":{"native":"assets\/79B4126C-64C0-4E96-96BC-D8282E51E087.pdf"},"width":1920,"height":1080}},"events":[{"effects":[{"beginTime":0,"baseLayer":{"animations":[],"initialState":{"affineTransform":[1,0,0,1,0,0],"masksToBounds":false,"rotation":0,"scale":1,"position":{"pointX":960,"pointY":540},"width":1920,"sublayerTransform":[1,0,0,0,0,1,0,0,0,0,1,0,0,0,0,1],"contentsRect":{"y":0,"x":0,"width":1,"height":1},"opacity":1,"edgeAntialiasingMask":251658240,"height":1080,"hidden":false,"anchorPoint":{"pointX":0.5,"pointY":0.5}},"objectID":"0","layers":[{"animations":[],"initialState":{"affineTransform":[1,0,0,1,0,0],"masksToBounds":false,"rotation":0,"scale":1,"position":{"pointX":960,"pointY":540},"width":1920,"sublayerTransform":[1,0,0,0,0,1,0,0,0,0,1,-0.00035007912466775983,0,0,0,1],"contentsRect":{"y":0,"x":0,"width":1,"height":1},"opacity":1,"edgeAntialiasingMask":251658240,"height":1080,"hidden":false,"anchorPoint":{"pointX":0.5,"pointY":0.5}},"layers":[{"animations":[],"layers":[],"texturedRectangle":{"isBackgroundTexture":false,"singleTextureOpacity":1,"textureType":0,"textBaseline":0,"textXHeight":0,"isVerticalText":false},"initialState":{"affineTransform":[1,0,0,1,0,0],"masksToBounds":false,"rotation":0,"scale":1,"position":{"pointX":960,"pointY":540},"width":1920,"sublayerTransform":[1,0,0,0,0,1,0,0,0,0,1,0,0,0,0,1],"contentsRect":{"y":0,"x":0,"width":1,"height":1},"opacity":1,"edgeAntialiasingMask":0,"height":1080,"hidden":false,"anchorPoint":{"pointX":0.5,"pointY":0.5}},"texture":"DD38D5A035DB962F4DBE511FBA344E34"},{"animations":[{"additive":false,"timeOffset":0,"beginTime":0,"from":{"scalar":false},"repeatCount":0,"fillMode":"both","duration":0.01,"autoreverses":false,"property":"hidden","to":{"scalar":true},"removedOnCompletion":false}],"layers":[],"texturedRectangle":{"isBackgroundTexture":false,"singleTextureOpacity":1,"textureType":0,"textBaseline":0,"textXHeight":0,"isVerticalText":false},"initialState":{"affineTransform":[1,0,0,1,0,0],"masksToBounds":false,"rotation":0,"scale":1,"position":{"pointX":960,"pointY":540},"width":1920,"sublayerTransform":[1,0,0,0,0,1,0,0,0,0,1,0,0,0,0,1],"contentsRect":{"y":0,"x":0,"width":1,"height":1},"opacity":1,"edgeAntialiasingMask":0,"height":1080,"hidden":false,"anchorPoint":{"pointX":0.5,"pointY":0.5}},"texture":"F9CE3C5A3216DEA255556E358AEADB70"}]}]},"effects":[],"duration":0.01,"type":"transition","attributes":{"direction":0},"name":"none","objectID":"0"}],"automaticPlay":false,"hyperlinks":[],"accessibility":[{"text":"At a high level, machine learning is set of techniques, or machinery, that is designed to automatically learn complex relationships between random variables. Typically there is some output that we are interested in predicting, and there are inputs that we hypothesize affect that output. The goal is accurately model real world phenomena. ","targetRectangle":{"y":127.33281946182251,"x":48.804061889648438,"width":505.45600000000002,"height":306}},{"text":"equation.pdf","targetRectangle":{"y":423.08868408203125,"x":1120.442138671875,"width":55.943996665477698,"height":32.931358114042268}},{"text":"equation.pdf","targetRectangle":{"y":531.70196533203125,"x":311.850830078125,"width":16.992000000000019,"height":16.596000000000004}},{"text":"pasted-image.tiff","targetRectangle":{"y":671.32696533203125,"x":736.00146484375,"width":447.9970703125,"height":319.67245483398438}},{"text":"equation.pdf","targetRectangle":{"y":396.94638061523438,"x":1365.094970703125,"width":140.83199999999988,"height":28.151999999999987}},{"text":"equation.pdf","targetRectangle":{"y":1002.3987426757812,"x":752.0999755859375,"width":415.79999999999995,"height":28.152000000000044}},{"text":"equation.pdf","targetRectangle":{"y":597.9395751953125,"x":1640.63818359375,"width":16.775999000072488,"height":23.975998570919046}},{"text":"equation.pdf","targetRectangle":{"y":143.5103759765625,"x":879.08868408203125,"width":159.15599999999995,"height":29.988}},{"text":"equation.pdf","targetRectangle":{"y":423.106689453125,"x":1640.0262451171875,"width":17.999998927116394,"height":32.895358116188049}},{"text":"In the case of NLP, the underlying data generating process lies in the realm of human cognition, which practically speaking is a black box.","targetRectangle":{"y":675.3269624710083,"x":48.804061889648438,"width":478.12800000000004,"height":136}},{"text":"￼","targetRectangle":{"y":1038.7800302505493,"x":1890.8129826848599,"width":20.438000000000102,"height":26}},{"text":"equation.pdf","targetRectangle":{"y":426.79666137695312,"x":951.8819580078125,"width":16.23599999999999,"height":25.515360076904301}},{"text":"equation.pdf","targetRectangle":{"y":240.65341186523438,"x":918.39404296875,"width":80.545293920525637,"height":36.899999999999977}},{"text":"equation.pdf","targetRectangle":{"y":601.629638671875,"x":952.8179931640625,"width":14.364000000000033,"height":16.596000000000004}},{"text":"equation.pdf","targetRectangle":{"y":563.67352294921875,"x":1380.125,"width":110.77199999999993,"height":28.152000000000044}},{"text":"The machine learning approach","targetRectangle":{"y":4,"x":40,"width":1002.1200000000003,"height":84}},{"text":"equation.pdf","targetRectangle":{"y":525.92401123046875,"x":99.859550476074219,"width":138.27599999999998,"height":28.152000000000044}},{"text":"equation.pdf","targetRectangle":{"y":240.23110961914062,"x":1593.670166015625,"width":113.38000000000011,"height":36.899999999999977}}],"baseLayer":{"animations":[],"initialState":{"affineTransform":[1,0,0,1,0,0],"masksToBounds":false,"rotation":0,"scale":1,"position":{"pointX":960,"pointY":540},"width":1920,"sublayerTransform":[1,0,0,0,0,1,0,0,0,0,1,0,0,0,0,1],"contentsRect":{"y":0,"x":0,"width":1,"height":1},"opacity":1,"edgeAntialiasingMask":251658240,"height":1080,"hidden":false,"anchorPoint":{"pointX":0.5,"pointY":0.5}},"objectID":"0","layers":[{"animations":[],"initialState":{"affineTransform":[1,0,0,1,0,0],"masksToBounds":false,"rotation":0,"scale":1,"position":{"pointX":960,"pointY":540},"width":1920,"sublayerTransform":[1,0,0,0,0,1,0,0,0,0,1,-0.00035007912466775983,0,0,0,1],"contentsRect":{"y":0,"x":0,"width":1,"height":1},"opacity":1,"edgeAntialiasingMask":251658240,"height":1080,"hidden":false,"anchorPoint":{"pointX":0.5,"pointY":0.5}},"layers":[{"animations":[],"layers":[],"texturedRectangle":{"isBackgroundTexture":false,"singleTextureOpacity":1,"textureType":0,"textBaseline":0,"textXHeight":0,"isVerticalText":false},"initialState":{"affineTransform":[1,0,0,1,0,0],"masksToBounds":false,"rotation":0,"scale":1,"position":{"pointX":960,"pointY":540},"width":1920,"sublayerTransform":[1,0,0,0,0,1,0,0,0,0,1,0,0,0,0,1],"contentsRect":{"y":0,"x":0,"width":1,"height":1},"opacity":1,"edgeAntialiasingMask":0,"height":1080,"hidden":false,"anchorPoint":{"pointX":0.5,"pointY":0.5}},"texture":"F9CE3C5A3216DEA255556E358AEADB70"}]}]}}]}