{"assets":{"48641E686121ED85608DF4150193DEEC":{"type":"texture","index":0,"assetRequest":{"type":"slide","state":"contents","slide":"none"},"url":{"native":"assets\/1F765413-576D-4497-9CDD-F7526BE21315.pdf"},"width":1920,"height":1080},"4617D021B6B29EA89EBD992C7FA8E15D":{"type":"texture","index":1,"assetRequest":{"type":"slide","state":"contents","slide":"none"},"url":{"native":"assets\/1F765413-576D-4497-9CDD-F7526BE21315.pdf"},"width":1920,"height":1080}},"events":[{"effects":[{"beginTime":0,"baseLayer":{"animations":[],"initialState":{"affineTransform":[1,0,0,1,0,0],"masksToBounds":false,"rotation":0,"scale":1,"position":{"pointX":960,"pointY":540},"width":1920,"sublayerTransform":[1,0,0,0,0,1,0,0,0,0,1,0,0,0,0,1],"contentsRect":{"y":0,"x":0,"width":1,"height":1},"opacity":1,"edgeAntialiasingMask":251658240,"height":1080,"hidden":false,"anchorPoint":{"pointX":0.5,"pointY":0.5}},"objectID":"0","layers":[{"animations":[],"initialState":{"affineTransform":[1,0,0,1,0,0],"masksToBounds":false,"rotation":0,"scale":1,"position":{"pointX":960,"pointY":540},"width":1920,"sublayerTransform":[1,0,0,0,0,1,0,0,0,0,1,-0.00035007912466775983,0,0,0,1],"contentsRect":{"y":0,"x":0,"width":1,"height":1},"opacity":1,"edgeAntialiasingMask":251658240,"height":1080,"hidden":false,"anchorPoint":{"pointX":0.5,"pointY":0.5}},"layers":[{"animations":[],"layers":[],"texturedRectangle":{"isBackgroundTexture":false,"singleTextureOpacity":1,"textureType":0,"textBaseline":0,"textXHeight":0,"isVerticalText":false},"initialState":{"affineTransform":[1,0,0,1,0,0],"masksToBounds":false,"rotation":0,"scale":1,"position":{"pointX":960,"pointY":540},"width":1920,"sublayerTransform":[1,0,0,0,0,1,0,0,0,0,1,0,0,0,0,1],"contentsRect":{"y":0,"x":0,"width":1,"height":1},"opacity":1,"edgeAntialiasingMask":0,"height":1080,"hidden":false,"anchorPoint":{"pointX":0.5,"pointY":0.5}},"texture":"4617D021B6B29EA89EBD992C7FA8E15D"},{"animations":[{"additive":false,"timeOffset":0,"beginTime":0,"from":{"scalar":false},"repeatCount":0,"fillMode":"both","duration":0.01,"autoreverses":false,"property":"hidden","to":{"scalar":true},"removedOnCompletion":false}],"layers":[],"texturedRectangle":{"isBackgroundTexture":false,"singleTextureOpacity":1,"textureType":0,"textBaseline":0,"textXHeight":0,"isVerticalText":false},"initialState":{"affineTransform":[1,0,0,1,0,0],"masksToBounds":false,"rotation":0,"scale":1,"position":{"pointX":960,"pointY":540},"width":1920,"sublayerTransform":[1,0,0,0,0,1,0,0,0,0,1,0,0,0,0,1],"contentsRect":{"y":0,"x":0,"width":1,"height":1},"opacity":1,"edgeAntialiasingMask":0,"height":1080,"hidden":false,"anchorPoint":{"pointX":0.5,"pointY":0.5}},"texture":"48641E686121ED85608DF4150193DEEC"}]}]},"effects":[],"duration":0.01,"type":"transition","attributes":{"direction":0},"name":"none","objectID":"0"}],"automaticPlay":false,"hyperlinks":[{"url":"https:\/\/en.wikipedia.org\/wiki\/Elbow_method_(clustering)","targetRectangle":{"y":1036.4000290632248,"x":42.658669780731202,"width":161.03999999999999,"height":30.759999513626099}}],"accessibility":[{"text":"equation.pdf","targetRectangle":{"y":802.2515869140625,"x":396.10684204101562,"width":1107.7863363929316,"height":180.52719999999999}},{"text":"equation.pdf","targetRectangle":{"y":139.92395380598919,"x":288.38325554354094,"width":40.739018691588797,"height":56.425347993864079}},{"text":"equation.pdf","targetRectangle":{"y":447.62255740569572,"x":258.88325554354088,"width":129.58368380062308,"height":56.425347993864079}},{"text":"equation.pdf","targetRectangle":{"y":570.97185920554898,"x":258.88325554354088,"width":159.981230529595,"height":56.425347993864079}},{"text":"￼","targetRectangle":{"y":1038.7800302505493,"x":1893.5739821628085,"width":14.91599999999994,"height":26}},{"text":"Because ￼ is not full rank, there is some lower dimensional representation, ￼, which preserves most of its information. Because ￼ is dense, standard Lp-based distance metrics are no longer meaningless","targetRectangle":{"y":134,"x":49.833255543540872,"width":1867.7840576323993,"height":185.69860359970653}},{"text":"Typically we evaluate singular values and do one of the following:","targetRectangle":{"y":380.69860359970653,"x":85.833255543540872,"width":1428.4000000000001,"height":61}},{"text":"Set ￼, where ￼ is the dimensionality of largest full rank approximation of ￼","targetRectangle":{"y":441.69860359970653,"x":173.83325554354087,"width":1706.8721183800626,"height":62.349301799853265}},{"text":"Set K using the elbow method [1]","targetRectangle":{"y":504.0479053995598,"x":173.83325554354087,"width":711.25,"height":61}},{"text":"Set ￼","targetRectangle":{"y":565.0479053995598,"x":173.83325554354087,"width":245.03123052959501,"height":62.349301799853265}},{"text":"LSA uses the latter, which yields a truncated SVD form:","targetRectangle":{"y":688.39720719941306,"x":85.833255543540872,"width":1193.6999999999998,"height":61}},{"text":"[1] Elbow Method","targetRectangle":{"y":1036.4000290632248,"x":9.6346697807312012,"width":194.06399999999999,"height":30.759999513626099}},{"text":"equation.pdf","targetRectangle":{"y":202.27325560584245,"x":1423.3656776619209,"width":68.95163551401879,"height":56.425347993864079}},{"text":"equation.pdf","targetRectangle":{"y":447.62255740569572,"x":1839.9663552320146,"width":40.739018691588853,"height":56.425347993864079}},{"text":"equation.pdf","targetRectangle":{"y":199.81151272857409,"x":49.833255543540872,"width":266.83242211838012,"height":58.887090871132443}},{"text":"Truncated SVD","targetRectangle":{"y":4,"x":40,"width":476.63,"height":84}},{"text":"equation.pdf","targetRectangle":{"y":447.62255740569572,"x":562.86693934416394,"width":21.949415887850478,"height":56.425347993864079}}],"baseLayer":{"animations":[],"initialState":{"affineTransform":[1,0,0,1,0,0],"masksToBounds":false,"rotation":0,"scale":1,"position":{"pointX":960,"pointY":540},"width":1920,"sublayerTransform":[1,0,0,0,0,1,0,0,0,0,1,0,0,0,0,1],"contentsRect":{"y":0,"x":0,"width":1,"height":1},"opacity":1,"edgeAntialiasingMask":251658240,"height":1080,"hidden":false,"anchorPoint":{"pointX":0.5,"pointY":0.5}},"objectID":"0","layers":[{"animations":[],"initialState":{"affineTransform":[1,0,0,1,0,0],"masksToBounds":false,"rotation":0,"scale":1,"position":{"pointX":960,"pointY":540},"width":1920,"sublayerTransform":[1,0,0,0,0,1,0,0,0,0,1,-0.00035007912466775983,0,0,0,1],"contentsRect":{"y":0,"x":0,"width":1,"height":1},"opacity":1,"edgeAntialiasingMask":251658240,"height":1080,"hidden":false,"anchorPoint":{"pointX":0.5,"pointY":0.5}},"layers":[{"animations":[],"layers":[],"texturedRectangle":{"isBackgroundTexture":false,"singleTextureOpacity":1,"textureType":0,"textBaseline":0,"textXHeight":0,"isVerticalText":false},"initialState":{"affineTransform":[1,0,0,1,0,0],"masksToBounds":false,"rotation":0,"scale":1,"position":{"pointX":960,"pointY":540},"width":1920,"sublayerTransform":[1,0,0,0,0,1,0,0,0,0,1,0,0,0,0,1],"contentsRect":{"y":0,"x":0,"width":1,"height":1},"opacity":1,"edgeAntialiasingMask":0,"height":1080,"hidden":false,"anchorPoint":{"pointX":0.5,"pointY":0.5}},"texture":"48641E686121ED85608DF4150193DEEC"}]}]}}]}