{"assets":{"56AA0D860C54176C94498082AEBA3BF3":{"type":"texture","index":1,"assetRequest":{"type":"slide","state":"contents","slide":"none"},"url":{"native":"assets\/70F96FD4-E6BF-4777-82F3-0F998FDB41DF.pdf"},"width":1920,"height":1080},"E26272DE049238EE0387E8A5643F2B36":{"type":"texture","index":0,"assetRequest":{"type":"slide","state":"contents","slide":"none"},"url":{"native":"assets\/70F96FD4-E6BF-4777-82F3-0F998FDB41DF.pdf"},"width":1920,"height":1080}},"events":[{"effects":[{"beginTime":0,"baseLayer":{"animations":[],"initialState":{"affineTransform":[1,0,0,1,0,0],"masksToBounds":false,"rotation":0,"scale":1,"position":{"pointX":960,"pointY":540},"width":1920,"sublayerTransform":[1,0,0,0,0,1,0,0,0,0,1,0,0,0,0,1],"contentsRect":{"y":0,"x":0,"width":1,"height":1},"opacity":1,"edgeAntialiasingMask":251658240,"height":1080,"hidden":false,"anchorPoint":{"pointX":0.5,"pointY":0.5}},"objectID":"0","layers":[{"animations":[],"initialState":{"affineTransform":[1,0,0,1,0,0],"masksToBounds":false,"rotation":0,"scale":1,"position":{"pointX":960,"pointY":540},"width":1920,"sublayerTransform":[1,0,0,0,0,1,0,0,0,0,1,-0.00035007912466775983,0,0,0,1],"contentsRect":{"y":0,"x":0,"width":1,"height":1},"opacity":1,"edgeAntialiasingMask":251658240,"height":1080,"hidden":false,"anchorPoint":{"pointX":0.5,"pointY":0.5}},"layers":[{"animations":[],"layers":[],"texturedRectangle":{"isBackgroundTexture":false,"singleTextureOpacity":1,"textureType":0,"textBaseline":0,"textXHeight":0,"isVerticalText":false},"initialState":{"affineTransform":[1,0,0,1,0,0],"masksToBounds":false,"rotation":0,"scale":1,"position":{"pointX":960,"pointY":540},"width":1920,"sublayerTransform":[1,0,0,0,0,1,0,0,0,0,1,0,0,0,0,1],"contentsRect":{"y":0,"x":0,"width":1,"height":1},"opacity":1,"edgeAntialiasingMask":0,"height":1080,"hidden":false,"anchorPoint":{"pointX":0.5,"pointY":0.5}},"texture":"56AA0D860C54176C94498082AEBA3BF3"},{"animations":[{"additive":false,"timeOffset":0,"beginTime":0,"from":{"scalar":false},"repeatCount":0,"fillMode":"both","duration":0.01,"autoreverses":false,"property":"hidden","to":{"scalar":true},"removedOnCompletion":false}],"layers":[],"texturedRectangle":{"isBackgroundTexture":false,"singleTextureOpacity":1,"textureType":0,"textBaseline":0,"textXHeight":0,"isVerticalText":false},"initialState":{"affineTransform":[1,0,0,1,0,0],"masksToBounds":false,"rotation":0,"scale":1,"position":{"pointX":960,"pointY":540},"width":1920,"sublayerTransform":[1,0,0,0,0,1,0,0,0,0,1,0,0,0,0,1],"contentsRect":{"y":0,"x":0,"width":1,"height":1},"opacity":1,"edgeAntialiasingMask":0,"height":1080,"hidden":false,"anchorPoint":{"pointX":0.5,"pointY":0.5}},"texture":"E26272DE049238EE0387E8A5643F2B36"}]}]},"effects":[],"duration":0.01,"type":"transition","attributes":{"direction":0},"name":"none","objectID":"0"}],"automaticPlay":false,"hyperlinks":[],"accessibility":[{"text":"equation.pdf","targetRectangle":{"y":624.723388671875,"x":506.91836547851562,"width":939.86311076778838,"height":88.312400000000025}},{"text":"equation.pdf","targetRectangle":{"y":-110.03395080566406,"x":1769.8370361328125,"width":234.26627424766184,"height":102.65039413046836}},{"text":"equation.pdf","targetRectangle":{"y":789.97296142578125,"x":826.7799072265625,"width":487.05934704402284,"height":98.399999999999977}},{"text":"￼","targetRectangle":{"y":1038.7800302505493,"x":1887.998952661248,"width":25.256000000000085,"height":26}},{"text":"pasted-image.tiff","targetRectangle":{"y":0.22279779613018036,"x":1794.9541015625,"width":126.85398101806641,"height":152.22476196289062}},{"text":"equation.pdf","targetRectangle":{"y":454.45034790039062,"x":1062.8514404296875,"width":268.67111093944982,"height":36.04000000000002}},{"text":"Similarity measures between distributions","targetRectangle":{"y":4,"x":40,"width":1327.4800000000005,"height":84}},{"text":"equation.pdf","targetRectangle":{"y":984.0234375,"x":454.69729614257812,"width":1141.8726801985424,"height":88.312400000000025}},{"text":"Claude Shannon","targetRectangle":{"y":156.05391383171082,"x":1808.425088256836,"width":99.911999999999807,"height":61.759999513626099}},{"text":"Shannon postulated that any measure of the informativeness of an event, x, should satisfy three conditions:","targetRectangle":{"y":118.38414001464844,"x":49.83333432674317,"width":1646.5000000000005,"height":122}},{"text":"An event with probability 1 yields no information","targetRectangle":{"y":240.38414001464844,"x":162.50000143051057,"width":750.096,"height":43}},{"text":"The probability of an event and the information it yields vary inversely with each other","targetRectangle":{"y":283.38414001464844,"x":162.50000143051057,"width":1344.8520000000005,"height":43}},{"text":"The total information coming from independent events is purely additive","targetRectangle":{"y":326.38414001464844,"x":162.50000143051057,"width":1133.3880000000004,"height":43}},{"text":"Which he used to define self-information:","targetRectangle":{"y":430.38414001464844,"x":117.00000131130128,"width":897.19999999999982,"height":61}},{"text":"Shannon entropy:","targetRectangle":{"y":613.38414001464844,"x":73.000001311301276,"width":387.60000000000002,"height":61}},{"text":"Kullback-Leibler (KL) divergence:","targetRectangle":{"y":796.38414001464844,"x":73.000001311301276,"width":710.89999999999975,"height":61}},{"text":"Cross entropy:","targetRectangle":{"y":979.38414001464844,"x":85.83333432674317,"width":318.5,"height":61}}],"baseLayer":{"animations":[],"initialState":{"affineTransform":[1,0,0,1,0,0],"masksToBounds":false,"rotation":0,"scale":1,"position":{"pointX":960,"pointY":540},"width":1920,"sublayerTransform":[1,0,0,0,0,1,0,0,0,0,1,0,0,0,0,1],"contentsRect":{"y":0,"x":0,"width":1,"height":1},"opacity":1,"edgeAntialiasingMask":251658240,"height":1080,"hidden":false,"anchorPoint":{"pointX":0.5,"pointY":0.5}},"objectID":"0","layers":[{"animations":[],"initialState":{"affineTransform":[1,0,0,1,0,0],"masksToBounds":false,"rotation":0,"scale":1,"position":{"pointX":960,"pointY":540},"width":1920,"sublayerTransform":[1,0,0,0,0,1,0,0,0,0,1,-0.00035007912466775983,0,0,0,1],"contentsRect":{"y":0,"x":0,"width":1,"height":1},"opacity":1,"edgeAntialiasingMask":251658240,"height":1080,"hidden":false,"anchorPoint":{"pointX":0.5,"pointY":0.5}},"layers":[{"animations":[],"layers":[],"texturedRectangle":{"isBackgroundTexture":false,"singleTextureOpacity":1,"textureType":0,"textBaseline":0,"textXHeight":0,"isVerticalText":false},"initialState":{"affineTransform":[1,0,0,1,0,0],"masksToBounds":false,"rotation":0,"scale":1,"position":{"pointX":960,"pointY":540},"width":1920,"sublayerTransform":[1,0,0,0,0,1,0,0,0,0,1,0,0,0,0,1],"contentsRect":{"y":0,"x":0,"width":1,"height":1},"opacity":1,"edgeAntialiasingMask":0,"height":1080,"hidden":false,"anchorPoint":{"pointX":0.5,"pointY":0.5}},"texture":"E26272DE049238EE0387E8A5643F2B36"}]}]}}]}