{"assets":{"03B3AA8C0583846D2B64330F7E34516F":{"type":"texture","index":6,"assetRequest":{"type":"slide","state":"contents","slide":"none"},"url":{"native":"assets\/3C9664E7-2743-4285-91D6-1F3CE01B247D.pdf"},"width":692,"height":85},"CD16248CD2727CA90A21C251F809E7F4":{"type":"texture","index":3,"assetRequest":{"type":"slide","state":"contents","slide":"none"},"url":{"native":"assets\/3C9664E7-2743-4285-91D6-1F3CE01B247D.pdf"},"width":1722,"height":413},"BF0B7DEA4A65D231EA7E466ADCE14E84":{"type":"texture","index":7,"assetRequest":{"type":"slide","state":"contents","slide":"none"},"url":{"native":"assets\/3C9664E7-2743-4285-91D6-1F3CE01B247D.pdf"},"width":1920,"height":1080},"D46072C7CCF67483728BFD51FEE747BA":{"type":"texture","index":1,"assetRequest":{"type":"slide","state":"contents","slide":"none"},"url":{"native":"assets\/3C9664E7-2743-4285-91D6-1F3CE01B247D.pdf"},"width":1407,"height":65},"C25C25FF361FB24FC35F6B120D2F252D":{"type":"texture","index":0,"assetRequest":{"type":"slide","state":"contents","slide":"none"},"url":{"native":"assets\/3C9664E7-2743-4285-91D6-1F3CE01B247D.pdf"},"width":1920,"height":1080},"AD91B7A7D6B18342F143E46F7E8EEF8C":{"type":"texture","index":4,"assetRequest":{"type":"slide","state":"contents","slide":"none"},"url":{"native":"assets\/3C9664E7-2743-4285-91D6-1F3CE01B247D.pdf"},"width":955,"height":34},"4B432FC23C459075E3B88E67242C0612":{"type":"texture","index":2,"assetRequest":{"type":"slide","state":"contents","slide":"none"},"url":{"native":"assets\/3C9664E7-2743-4285-91D6-1F3CE01B247D.pdf"},"width":29,"height":19},"525B7714271CD725F51325B8B330B6F0":{"type":"texture","index":5,"assetRequest":{"type":"slide","state":"contents","slide":"none"},"url":{"native":"assets\/3C9664E7-2743-4285-91D6-1F3CE01B247D.pdf"},"width":161,"height":83},"CFD24DC06709E317D8F2BC677A13728A":{"type":"texture","index":8,"assetRequest":{"type":"slide","state":"contents","slide":"none"},"url":{"native":"assets\/3C9664E7-2743-4285-91D6-1F3CE01B247D.pdf"},"width":1920,"height":1080}},"events":[{"effects":[{"beginTime":0,"baseLayer":{"animations":[],"initialState":{"affineTransform":[1,0,0,1,0,0],"masksToBounds":false,"rotation":0,"scale":1,"position":{"pointX":918.87359623114276,"pointY":769.74607245127277},"width":955,"sublayerTransform":[1,0,0,0,0,1,0,0,0,0,1,0,0,0,0,1],"contentsRect":{"y":0,"x":0,"width":1,"height":1},"opacity":1,"edgeAntialiasingMask":251658240,"height":34,"hidden":false,"anchorPoint":{"pointX":0.5,"pointY":0.5}},"objectID":"0AF4E13B-01EA-4EEC-8D88-F93ED5BC1296","layers":[{"animations":[],"initialState":{"affineTransform":[1,0,0,1,0,0],"masksToBounds":false,"rotation":0,"scale":1,"position":{"pointX":518.62640376885724,"pointY":-212.74607245127277},"width":955,"sublayerTransform":[1,0,0,0,0,1,0,0,0,0,1,-0.00035007912466775983,0,0,0,1],"contentsRect":{"y":0,"x":0,"width":1,"height":1},"opacity":1,"edgeAntialiasingMask":251658240,"height":34,"hidden":false,"anchorPoint":{"pointX":0.54306429714016469,"pointY":-6.2572374250374345}},"layers":[{"animations":[{"additive":false,"timeOffset":0,"beginTime":1e-100,"repeatCount":0,"fillMode":"both","duration":0.01,"autoreverses":false,"animations":[{"additive":false,"timeOffset":0,"beginTime":0,"from":{"scalar":true},"repeatCount":0,"fillMode":"both","duration":0.0001,"autoreverses":false,"property":"hidden","to":{"scalar":false},"removedOnCompletion":true},{"additive":false,"timeOffset":0,"beginTime":0.0001,"from":{"scalar":false},"repeatCount":0,"fillMode":"forwards","duration":0.0099000000000000008,"autoreverses":false,"property":"hidden","to":{"scalar":false},"removedOnCompletion":true}],"removedOnCompletion":false}],"layers":[],"texturedRectangle":{"singleTextureOpacity":1,"textXHeight":0.4694393382352941,"textBaseline":0.73339781106684609,"isBackgroundTexture":true,"isVerticalText":false,"textColor":[3.4193280384897662e-07,0.4624592661857605,0.72913676500320435,1],"textureType":6},"initialState":{"affineTransform":[1,0,0,1,0,0],"masksToBounds":false,"rotation":0,"scale":1,"position":{"pointX":519.12640376885724,"pointY":26.253927548727233},"width":955,"sublayerTransform":[1,0,0,0,0,1,0,0,0,0,1,0,0,0,0,1],"contentsRect":{"y":0,"x":0,"width":1,"height":1},"opacity":1,"edgeAntialiasingMask":0,"height":34,"hidden":true,"anchorPoint":{"pointX":0.5,"pointY":0.5}},"texture":"AD91B7A7D6B18342F143E46F7E8EEF8C"}]}]},"effects":[],"duration":0.01,"type":"buildIn","attributes":{"direction":0},"name":"apple:bc-appear","objectID":"0AF4E13B-01EA-4EEC-8D88-F93ED5BC1296"}],"automaticPlay":false,"hyperlinks":[],"accessibility":[{"text":"PREMIS: ","targetRectangle":{"y":512.27970727284696,"x":502.94637255859345,"width":98.20799999999997,"height":30.759999513626099}},{"text":"HYPOTHESIS:","targetRectangle":{"y":543.27970727284696,"x":442.03437255859342,"width":152.7600000000001,"height":30.759999513626099}},{"text":"LABEL:","targetRectangle":{"y":574.27970727284696,"x":517.41837255859343,"width":77.37600000000009,"height":30.759999513626099}},{"text":"Natural language inference is the task of determining the truth value of some hypothesis given a premise. ","targetRectangle":{"y":132.66667175292977,"x":49.833256798722573,"width":1725.7000000000003,"height":122}},{"text":"Entailment (true)","targetRectangle":{"y":254.66667175292977,"x":173.83325679872257,"width":357.34999999999991,"height":61.000000000000028}},{"text":"Contradiction (false)","targetRectangle":{"y":315.6666717529298,"x":173.83325679872257,"width":437.59999999999991,"height":61}},{"text":"Undetermined (neutral) ","targetRectangle":{"y":376.6666717529298,"x":173.83325679872257,"width":517.54999999999995,"height":61}},{"text":"Example:  ","targetRectangle":{"y":498.6666717529298,"x":85.833256798722573,"width":224.89999999999998,"height":61}},{"text":"￼","targetRectangle":{"y":1038.7800302505493,"x":1888.0959826519684,"width":25.872000000000071,"height":26}},{"text":"A soccer game with multiple males playing","targetRectangle":{"y":512.15970502297114,"x":634.2955118815114,"width":688.912109375,"height":31}},{"text":"Some men are playing a sport","targetRectangle":{"y":543.15970502297114,"x":634.2955118815114,"width":470.4765625,"height":31}},{"text":"Entailment","targetRectangle":{"y":574.15970502297114,"x":634.2955118815114,"width":168.02734375,"height":31}},{"text":"NLP Tasks: Natural Language Inference (NLI)","targetRectangle":{"y":4,"x":40,"width":1411.2700000000002,"height":84}}],"baseLayer":{"animations":[],"initialState":{"affineTransform":[1,0,0,1,0,0],"masksToBounds":false,"rotation":0,"scale":1,"position":{"pointX":960,"pointY":540},"width":1920,"sublayerTransform":[1,0,0,0,0,1,0,0,0,0,1,0,0,0,0,1],"contentsRect":{"y":0,"x":0,"width":1,"height":1},"opacity":1,"edgeAntialiasingMask":251658240,"height":1080,"hidden":false,"anchorPoint":{"pointX":0.5,"pointY":0.5}},"layers":[{"animations":[],"initialState":{"affineTransform":[1,0,0,1,0,0],"masksToBounds":false,"rotation":0,"scale":1,"position":{"pointX":960,"pointY":540},"width":1920,"sublayerTransform":[1,0,0,0,0,1,0,0,0,0,1,0,0,0,0,1],"contentsRect":{"y":0,"x":0,"width":1,"height":1},"opacity":1,"edgeAntialiasingMask":251658240,"height":1080,"hidden":false,"anchorPoint":{"pointX":0.5,"pointY":0.5}},"layers":[{"animations":[],"initialState":{"affineTransform":[1,0,0,1,0,0],"masksToBounds":false,"rotation":0,"scale":1,"position":{"pointX":960,"pointY":540},"width":1920,"sublayerTransform":[1,0,0,0,0,1,0,0,0,0,1,0,0,0,0,1],"contentsRect":{"y":0,"x":0,"width":1,"height":1},"opacity":1,"edgeAntialiasingMask":251658240,"height":1080,"hidden":false,"anchorPoint":{"pointX":0.5,"pointY":0.5}},"layers":[{"animations":[],"layers":[],"texturedRectangle":{"isBackgroundTexture":true,"singleTextureOpacity":1,"textureType":1,"textBaseline":0,"textXHeight":0,"isVerticalText":false},"initialState":{"affineTransform":[1,0,0,1,0,0],"masksToBounds":false,"rotation":0,"scale":1,"position":{"pointX":960,"pointY":540},"width":1920,"sublayerTransform":[1,0,0,0,0,1,0,0,0,0,1,0,0,0,0,1],"contentsRect":{"y":0,"x":0,"width":1,"height":1},"opacity":1,"edgeAntialiasingMask":0,"height":1080,"hidden":false,"anchorPoint":{"pointX":0.5,"pointY":0.5}},"texture":"C25C25FF361FB24FC35F6B120D2F252D"}]}]},{"animations":[],"initialState":{"affineTransform":[1,0,0,1,0,0],"masksToBounds":false,"rotation":0,"scale":1,"position":{"pointX":960,"pointY":540},"width":1920,"sublayerTransform":[1,0,0,0,0,1,0,0,0,0,1,0,0,0,0,1],"contentsRect":{"y":0,"x":0,"width":1,"height":1},"opacity":1,"edgeAntialiasingMask":251658240,"height":1080,"hidden":false,"anchorPoint":{"pointX":0.5,"pointY":0.5}},"layers":[{"animations":[],"initialState":{"affineTransform":[1,0,0,1,0,0],"masksToBounds":false,"rotation":0,"scale":1,"position":{"pointX":703.5,"pointY":32.5},"width":1407,"sublayerTransform":[1,0,0,0,0,1,0,0,0,0,1,0,0,0,0,1],"contentsRect":{"y":0,"x":0,"width":1,"height":1},"opacity":1,"edgeAntialiasingMask":251658240,"height":65,"hidden":false,"anchorPoint":{"pointX":0.5,"pointY":0.5}},"layers":[{"animations":[],"layers":[],"texturedRectangle":{"singleTextureOpacity":1,"textXHeight":0.52015384615384619,"textBaseline":0.75846108014766989,"isBackgroundTexture":true,"isVerticalText":false,"textColor":[0,0.13333334028720856,0.31999999284744263,0.87000000476837158],"textureType":6},"initialState":{"affineTransform":[1,0,0,1,0,0],"masksToBounds":false,"rotation":0,"scale":1,"position":{"pointX":746.5,"pointY":56.5},"width":1407,"sublayerTransform":[1,0,0,0,0,1,0,0,0,0,1,0,0,0,0,1],"contentsRect":{"y":0,"x":0,"width":1,"height":1},"opacity":1,"edgeAntialiasingMask":0,"height":65,"hidden":false,"anchorPoint":{"pointX":0.5,"pointY":0.5}},"texture":"D46072C7CCF67483728BFD51FEE747BA"}]}]},{"animations":[],"initialState":{"affineTransform":[1,0,0,1,0,0],"masksToBounds":false,"rotation":0,"scale":1,"position":{"pointX":960,"pointY":540},"width":1920,"sublayerTransform":[1,0,0,0,0,1,0,0,0,0,1,0,0,0,0,1],"contentsRect":{"y":0,"x":0,"width":1,"height":1},"opacity":1,"edgeAntialiasingMask":251658240,"height":1080,"hidden":false,"anchorPoint":{"pointX":0.5,"pointY":0.5}},"layers":[{"animations":[],"initialState":{"affineTransform":[1,0,0,1,0,0],"masksToBounds":false,"rotation":0,"scale":1,"position":{"pointX":1898.0959826519684,"pointY":1044.2800302505493},"width":29,"sublayerTransform":[1,0,0,0,0,1,0,0,0,0,1,0,0,0,0,1],"contentsRect":{"y":0,"x":0,"width":1,"height":1},"opacity":1,"edgeAntialiasingMask":251658240,"height":19,"hidden":false,"anchorPoint":{"pointX":0.5,"pointY":0.5}},"layers":[{"animations":[],"layers":[],"texturedRectangle":{"singleTextureOpacity":1,"textXHeight":0.5592631578947368,"textBaseline":0.9031589940974587,"isBackgroundTexture":true,"isVerticalText":false,"textColor":[0.20392157137393951,0.20392157137393951,0.20392157137393951,1],"textureType":6},"initialState":{"affineTransform":[1,0,0,1,0,0],"masksToBounds":false,"rotation":0,"scale":1,"position":{"pointX":16.90401734803163,"pointY":17.719969749450684},"width":29,"sublayerTransform":[1,0,0,0,0,1,0,0,0,0,1,0,0,0,0,1],"contentsRect":{"y":0,"x":0,"width":1,"height":1},"opacity":1,"edgeAntialiasingMask":0,"height":19,"hidden":false,"anchorPoint":{"pointX":0.5,"pointY":0.5}},"texture":"4B432FC23C459075E3B88E67242C0612"}]}]},{"animations":[],"initialState":{"affineTransform":[1,0,0,1,0,0],"masksToBounds":false,"rotation":0,"scale":1,"position":{"pointX":960,"pointY":540},"width":1920,"sublayerTransform":[1,0,0,0,0,1,0,0,0,0,1,0,0,0,0,1],"contentsRect":{"y":0,"x":0,"width":1,"height":1},"opacity":1,"edgeAntialiasingMask":251658240,"height":1080,"hidden":false,"anchorPoint":{"pointX":0.5,"pointY":0.5}},"layers":[{"animations":[],"initialState":{"affineTransform":[1,0,0,1,0,0],"masksToBounds":false,"rotation":0,"scale":1,"position":{"pointX":860.99992082272888,"pointY":335.1666717529298},"width":1722,"sublayerTransform":[1,0,0,0,0,1,0,0,0,0,1,0,0,0,0,1],"contentsRect":{"y":0,"x":0,"width":1,"height":1},"opacity":1,"edgeAntialiasingMask":251658240,"height":413,"hidden":false,"anchorPoint":{"pointX":0.5,"pointY":0.5}},"layers":[{"animations":[],"layers":[],"texturedRectangle":{"singleTextureOpacity":1,"textXHeight":0.058474576271186449,"textBaseline":0.97376912947717098,"isBackgroundTexture":true,"isVerticalText":false,"textColor":[0.20392157137393951,0.20392157137393951,0.20392157137393951,1],"textureType":6},"initialState":{"affineTransform":[1,0,0,1,0,0],"masksToBounds":false,"rotation":0,"scale":1,"position":{"pointX":903.00007917727112,"pointY":224.83332824707017},"width":1722,"sublayerTransform":[1,0,0,0,0,1,0,0,0,0,1,0,0,0,0,1],"contentsRect":{"y":0,"x":0,"width":1,"height":1},"opacity":1,"edgeAntialiasingMask":0,"height":413,"hidden":false,"anchorPoint":{"pointX":0.5,"pointY":0.5}},"texture":"CD16248CD2727CA90A21C251F809E7F4"}]}]},{"animations":[],"initialState":{"affineTransform":[1,0,0,1,0,0],"masksToBounds":false,"rotation":0,"scale":1,"position":{"pointX":960,"pointY":540},"width":1920,"sublayerTransform":[1,0,0,0,0,1,0,0,0,0,1,0,0,0,0,1],"contentsRect":{"y":0,"x":0,"width":1,"height":1},"opacity":1,"edgeAntialiasingMask":251658240,"height":1080,"hidden":false,"anchorPoint":{"pointX":0.5,"pointY":0.5}},"layers":[{"animations":[],"initialState":{"affineTransform":[1,0,0,1,0,0],"masksToBounds":false,"rotation":0,"scale":1,"position":{"pointX":918.87359623114276,"pointY":769.74607245127277},"width":955,"sublayerTransform":[1,0,0,0,0,1,0,0,0,0,1,0,0,0,0,1],"contentsRect":{"y":0,"x":0,"width":1,"height":1},"opacity":1,"edgeAntialiasingMask":251658240,"height":34,"hidden":false,"anchorPoint":{"pointX":0.5,"pointY":0.5}},"objectID":"0AF4E13B-01EA-4EEC-8D88-F93ED5BC1296","layers":[{"animations":[],"layers":[],"texturedRectangle":{"singleTextureOpacity":1,"textXHeight":0.4694393382352941,"textBaseline":0.73339781106684609,"isBackgroundTexture":true,"isVerticalText":false,"textColor":[3.4193280384897662e-07,0.4624592661857605,0.72913676500320435,1],"textureType":6},"initialState":{"affineTransform":[1,0,0,1,0,0],"masksToBounds":false,"rotation":0,"scale":1,"position":{"pointX":519.12640376885724,"pointY":26.253927548727233},"width":955,"sublayerTransform":[1,0,0,0,0,1,0,0,0,0,1,0,0,0,0,1],"contentsRect":{"y":0,"x":0,"width":1,"height":1},"opacity":1,"edgeAntialiasingMask":0,"height":34,"hidden":true,"anchorPoint":{"pointX":0.5,"pointY":0.5}},"texture":"AD91B7A7D6B18342F143E46F7E8EEF8C"}]}]},{"animations":[],"initialState":{"affineTransform":[1,0,0,1,0,0],"masksToBounds":false,"rotation":0,"scale":1,"position":{"pointX":960,"pointY":540},"width":1920,"sublayerTransform":[1,0,0,0,0,1,0,0,0,0,1,0,0,0,0,1],"contentsRect":{"y":0,"x":0,"width":1,"height":1},"opacity":1,"edgeAntialiasingMask":251658240,"height":1080,"hidden":false,"anchorPoint":{"pointX":0.5,"pointY":0.5}},"layers":[{"animations":[],"initialState":{"affineTransform":[1,0,0,1,0,0],"masksToBounds":false,"rotation":0,"scale":1,"position":{"pointX":502.12884521484347,"pointY":549.77970727284696},"width":161,"sublayerTransform":[1,0,0,0,0,1,0,0,0,0,1,0,0,0,0,1],"contentsRect":{"y":0,"x":0,"width":1,"height":1},"opacity":1,"edgeAntialiasingMask":251658240,"height":83,"hidden":false,"anchorPoint":{"pointX":0.5,"pointY":0.5}},"layers":[{"animations":[],"layers":[],"texturedRectangle":{"singleTextureOpacity":1,"textXHeight":0.15122891566265059,"textBaseline":0.97300838658129196,"isBackgroundTexture":true,"isVerticalText":false,"textColor":[0.37036359310150146,0.37036353349685669,0.37036359310150146,1],"textureType":6},"initialState":{"affineTransform":[1,0,0,1,0,0],"masksToBounds":false,"rotation":0,"scale":1,"position":{"pointX":100.87115478515653,"pointY":52.220292727153037},"width":161,"sublayerTransform":[1,0,0,0,0,1,0,0,0,0,1,0,0,0,0,1],"contentsRect":{"y":0,"x":0,"width":1,"height":1},"opacity":1,"edgeAntialiasingMask":0,"height":83,"hidden":false,"anchorPoint":{"pointX":0.5,"pointY":0.5}},"texture":"525B7714271CD725F51325B8B330B6F0"}]}]},{"animations":[],"initialState":{"affineTransform":[1,0,0,1,0,0],"masksToBounds":false,"rotation":0,"scale":1,"position":{"pointX":960,"pointY":540},"width":1920,"sublayerTransform":[1,0,0,0,0,1,0,0,0,0,1,0,0,0,0,1],"contentsRect":{"y":0,"x":0,"width":1,"height":1},"opacity":1,"edgeAntialiasingMask":251658240,"height":1080,"hidden":false,"anchorPoint":{"pointX":0.5,"pointY":0.5}},"layers":[{"animations":[],"initialState":{"affineTransform":[1,0,0,1,0,0],"masksToBounds":false,"rotation":0,"scale":1,"position":{"pointX":976.2955118815114,"pointY":550.65970502297114},"width":692,"sublayerTransform":[1,0,0,0,0,1,0,0,0,0,1,0,0,0,0,1],"contentsRect":{"y":0,"x":0,"width":1,"height":1},"opacity":1,"edgeAntialiasingMask":251658240,"height":85,"hidden":false,"anchorPoint":{"pointX":0.5,"pointY":0.5}},"layers":[{"animations":[],"layers":[],"texturedRectangle":{"singleTextureOpacity":1,"textXHeight":0.1392922794117647,"textBaseline":0.96178237527024868,"isBackgroundTexture":true,"isVerticalText":false,"textColor":[0.00063899887027218938,0.63360309600830078,0.99999994039535522,1],"textureType":6},"initialState":{"affineTransform":[1,0,0,1,0,0],"masksToBounds":false,"rotation":0,"scale":1,"position":{"pointX":348.7044881184886,"pointY":49.340294977028861},"width":692,"sublayerTransform":[1,0,0,0,0,1,0,0,0,0,1,0,0,0,0,1],"contentsRect":{"y":0,"x":0,"width":1,"height":1},"opacity":1,"edgeAntialiasingMask":0,"height":85,"hidden":false,"anchorPoint":{"pointX":0.5,"pointY":0.5}},"texture":"03B3AA8C0583846D2B64330F7E34516F"}]}]}]}},{"effects":[{"beginTime":0,"baseLayer":{"animations":[],"initialState":{"affineTransform":[1,0,0,1,0,0],"masksToBounds":false,"rotation":0,"scale":1,"position":{"pointX":960,"pointY":540},"width":1920,"sublayerTransform":[1,0,0,0,0,1,0,0,0,0,1,0,0,0,0,1],"contentsRect":{"y":0,"x":0,"width":1,"height":1},"opacity":1,"edgeAntialiasingMask":251658240,"height":1080,"hidden":false,"anchorPoint":{"pointX":0.5,"pointY":0.5}},"objectID":"0","layers":[{"animations":[],"initialState":{"affineTransform":[1,0,0,1,0,0],"masksToBounds":false,"rotation":0,"scale":1,"position":{"pointX":960,"pointY":540},"width":1920,"sublayerTransform":[1,0,0,0,0,1,0,0,0,0,1,-0.00035007912466775983,0,0,0,1],"contentsRect":{"y":0,"x":0,"width":1,"height":1},"opacity":1,"edgeAntialiasingMask":251658240,"height":1080,"hidden":false,"anchorPoint":{"pointX":0.5,"pointY":0.5}},"layers":[{"animations":[],"layers":[],"texturedRectangle":{"isBackgroundTexture":false,"singleTextureOpacity":1,"textureType":0,"textBaseline":0,"textXHeight":0,"isVerticalText":false},"initialState":{"affineTransform":[1,0,0,1,0,0],"masksToBounds":false,"rotation":0,"scale":1,"position":{"pointX":960,"pointY":540},"width":1920,"sublayerTransform":[1,0,0,0,0,1,0,0,0,0,1,0,0,0,0,1],"contentsRect":{"y":0,"x":0,"width":1,"height":1},"opacity":1,"edgeAntialiasingMask":0,"height":1080,"hidden":false,"anchorPoint":{"pointX":0.5,"pointY":0.5}},"texture":"CFD24DC06709E317D8F2BC677A13728A"},{"animations":[{"additive":false,"timeOffset":0,"beginTime":0,"from":{"scalar":false},"repeatCount":0,"fillMode":"both","duration":0.01,"autoreverses":false,"property":"hidden","to":{"scalar":true},"removedOnCompletion":false}],"layers":[],"texturedRectangle":{"isBackgroundTexture":false,"singleTextureOpacity":1,"textureType":0,"textBaseline":0,"textXHeight":0,"isVerticalText":false},"initialState":{"affineTransform":[1,0,0,1,0,0],"masksToBounds":false,"rotation":0,"scale":1,"position":{"pointX":960,"pointY":540},"width":1920,"sublayerTransform":[1,0,0,0,0,1,0,0,0,0,1,0,0,0,0,1],"contentsRect":{"y":0,"x":0,"width":1,"height":1},"opacity":1,"edgeAntialiasingMask":0,"height":1080,"hidden":false,"anchorPoint":{"pointX":0.5,"pointY":0.5}},"texture":"BF0B7DEA4A65D231EA7E466ADCE14E84"}]}]},"effects":[],"duration":0.01,"type":"transition","attributes":{"direction":0},"name":"none","objectID":"0"}],"automaticPlay":false,"hyperlinks":[{"url":"https:\/\/paperswithcode.com\/task\/natural-language-inference","targetRectangle":{"y":752.74607245127277,"x":441.37359623114281,"width":1037.2528076171875,"height":49.000000953674316}}],"accessibility":[{"text":"PREMIS: ","targetRectangle":{"y":512.27970727284696,"x":502.94637255859345,"width":98.20799999999997,"height":30.759999513626099}},{"text":"HYPOTHESIS:","targetRectangle":{"y":543.27970727284696,"x":442.03437255859342,"width":152.7600000000001,"height":30.759999513626099}},{"text":"LABEL:","targetRectangle":{"y":574.27970727284696,"x":517.41837255859343,"width":77.37600000000009,"height":30.759999513626099}},{"text":"Natural Language Inference (NLI) leaderboard","targetRectangle":{"y":756.74607245127277,"x":484.72265628973656,"width":950.5546875,"height":41}},{"text":"Natural language inference is the task of determining the truth value of some hypothesis given a premise. ","targetRectangle":{"y":132.66667175292977,"x":49.833256798722573,"width":1725.7000000000003,"height":122}},{"text":"Entailment (true)","targetRectangle":{"y":254.66667175292977,"x":173.83325679872257,"width":357.34999999999991,"height":61.000000000000028}},{"text":"Contradiction (false)","targetRectangle":{"y":315.6666717529298,"x":173.83325679872257,"width":437.59999999999991,"height":61}},{"text":"Undetermined (neutral) ","targetRectangle":{"y":376.6666717529298,"x":173.83325679872257,"width":517.54999999999995,"height":61}},{"text":"Example:  ","targetRectangle":{"y":498.6666717529298,"x":85.833256798722573,"width":224.89999999999998,"height":61}},{"text":"￼","targetRectangle":{"y":1038.7800302505493,"x":1888.0959826519684,"width":25.872000000000071,"height":26}},{"text":"A soccer game with multiple males playing","targetRectangle":{"y":512.15970502297114,"x":634.2955118815114,"width":688.912109375,"height":31}},{"text":"Some men are playing a sport","targetRectangle":{"y":543.15970502297114,"x":634.2955118815114,"width":470.4765625,"height":31}},{"text":"Entailment","targetRectangle":{"y":574.15970502297114,"x":634.2955118815114,"width":168.02734375,"height":31}},{"text":"NLP Tasks: Natural Language Inference (NLI)","targetRectangle":{"y":4,"x":40,"width":1411.2700000000002,"height":84}}],"baseLayer":{"animations":[],"initialState":{"affineTransform":[1,0,0,1,0,0],"masksToBounds":false,"rotation":0,"scale":1,"position":{"pointX":960,"pointY":540},"width":1920,"sublayerTransform":[1,0,0,0,0,1,0,0,0,0,1,0,0,0,0,1],"contentsRect":{"y":0,"x":0,"width":1,"height":1},"opacity":1,"edgeAntialiasingMask":251658240,"height":1080,"hidden":false,"anchorPoint":{"pointX":0.5,"pointY":0.5}},"objectID":"0","layers":[{"animations":[],"initialState":{"affineTransform":[1,0,0,1,0,0],"masksToBounds":false,"rotation":0,"scale":1,"position":{"pointX":960,"pointY":540},"width":1920,"sublayerTransform":[1,0,0,0,0,1,0,0,0,0,1,-0.00035007912466775983,0,0,0,1],"contentsRect":{"y":0,"x":0,"width":1,"height":1},"opacity":1,"edgeAntialiasingMask":251658240,"height":1080,"hidden":false,"anchorPoint":{"pointX":0.5,"pointY":0.5}},"layers":[{"animations":[],"layers":[],"texturedRectangle":{"isBackgroundTexture":false,"singleTextureOpacity":1,"textureType":0,"textBaseline":0,"textXHeight":0,"isVerticalText":false},"initialState":{"affineTransform":[1,0,0,1,0,0],"masksToBounds":false,"rotation":0,"scale":1,"position":{"pointX":960,"pointY":540},"width":1920,"sublayerTransform":[1,0,0,0,0,1,0,0,0,0,1,0,0,0,0,1],"contentsRect":{"y":0,"x":0,"width":1,"height":1},"opacity":1,"edgeAntialiasingMask":0,"height":1080,"hidden":false,"anchorPoint":{"pointX":0.5,"pointY":0.5}},"texture":"BF0B7DEA4A65D231EA7E466ADCE14E84"}]}]}}]}