{"assets":{"48641E686121ED85608DF4150193DEEC":{"type":"texture","index":1,"assetRequest":{"type":"slide","state":"contents","slide":"none"},"url":{"native":"assets\/3A63B9D2-7B78-406B-9CAE-D24A5A1E43FE.pdf"},"width":1920,"height":1080},"B237E12BE7BAC00D035D0EC2A17E26A2":{"type":"texture","index":0,"assetRequest":{"type":"slide","state":"contents","slide":"none"},"url":{"native":"assets\/3A63B9D2-7B78-406B-9CAE-D24A5A1E43FE.pdf"},"width":1920,"height":1080}},"events":[{"effects":[{"beginTime":0,"baseLayer":{"animations":[],"initialState":{"affineTransform":[1,0,0,1,0,0],"masksToBounds":false,"rotation":0,"scale":1,"position":{"pointX":960,"pointY":540},"width":1920,"sublayerTransform":[1,0,0,0,0,1,0,0,0,0,1,0,0,0,0,1],"contentsRect":{"y":0,"x":0,"width":1,"height":1},"opacity":1,"edgeAntialiasingMask":251658240,"height":1080,"hidden":false,"anchorPoint":{"pointX":0.5,"pointY":0.5}},"objectID":"0","layers":[{"animations":[],"initialState":{"affineTransform":[1,0,0,1,0,0],"masksToBounds":false,"rotation":0,"scale":1,"position":{"pointX":960,"pointY":540},"width":1920,"sublayerTransform":[1,0,0,0,0,1,0,0,0,0,1,-0.00035007912466775983,0,0,0,1],"contentsRect":{"y":0,"x":0,"width":1,"height":1},"opacity":1,"edgeAntialiasingMask":251658240,"height":1080,"hidden":false,"anchorPoint":{"pointX":0.5,"pointY":0.5}},"layers":[{"animations":[],"layers":[],"texturedRectangle":{"isBackgroundTexture":false,"singleTextureOpacity":1,"textureType":0,"textBaseline":0,"textXHeight":0,"isVerticalText":false},"initialState":{"affineTransform":[1,0,0,1,0,0],"masksToBounds":false,"rotation":0,"scale":1,"position":{"pointX":960,"pointY":540},"width":1920,"sublayerTransform":[1,0,0,0,0,1,0,0,0,0,1,0,0,0,0,1],"contentsRect":{"y":0,"x":0,"width":1,"height":1},"opacity":1,"edgeAntialiasingMask":0,"height":1080,"hidden":false,"anchorPoint":{"pointX":0.5,"pointY":0.5}},"texture":"48641E686121ED85608DF4150193DEEC"},{"animations":[{"additive":false,"timeOffset":0,"beginTime":0,"from":{"scalar":false},"repeatCount":0,"fillMode":"both","duration":0.01,"autoreverses":false,"property":"hidden","to":{"scalar":true},"removedOnCompletion":false}],"layers":[],"texturedRectangle":{"isBackgroundTexture":false,"singleTextureOpacity":1,"textureType":0,"textBaseline":0,"textXHeight":0,"isVerticalText":false},"initialState":{"affineTransform":[1,0,0,1,0,0],"masksToBounds":false,"rotation":0,"scale":1,"position":{"pointX":960,"pointY":540},"width":1920,"sublayerTransform":[1,0,0,0,0,1,0,0,0,0,1,0,0,0,0,1],"contentsRect":{"y":0,"x":0,"width":1,"height":1},"opacity":1,"edgeAntialiasingMask":0,"height":1080,"hidden":false,"anchorPoint":{"pointX":0.5,"pointY":0.5}},"texture":"B237E12BE7BAC00D035D0EC2A17E26A2"}]}]},"effects":[],"duration":0.01,"type":"transition","attributes":{"direction":0},"name":"none","objectID":"0"}],"automaticPlay":false,"hyperlinks":[],"accessibility":[{"text":"Also known as Latent semantic indexing (LSI)","targetRectangle":{"y":134,"x":49.833271733368747,"width":515.54999999999995,"height":122}},{"text":"Used extensively in search engines","targetRectangle":{"y":378,"x":49.833271733368747,"width":632.29999999999995,"height":122}},{"text":"Factors the document-term matrix, ￼, by computing its SVD","targetRectangle":{"y":622,"x":49.833271733368747,"width":599.75263677338103,"height":184.34930179985327}},{"text":"equation.pdf","targetRectangle":{"y":697.898193359375,"x":946.58660888671875,"width":834.29659385342802,"height":40.985200190734872}},{"text":"equation.pdf","targetRectangle":{"y":979.091064453125,"x":942.72113037109375,"width":500.34222222222206,"height":31.399999999999977}},{"text":"￼","targetRectangle":{"y":1038.7800302505493,"x":1890.5709820144984,"width":20.922000000000025,"height":26}},{"text":"equation.pdf","targetRectangle":{"y":801.31768798828125,"x":945.96942138671875,"width":599.79819385342785,"height":40.985200190734872}},{"text":"equation.pdf","targetRectangle":{"y":686.46221092872088,"x":320.3832717333687,"width":238.65263677338112,"height":58.887090871132386}},{"text":"equation.pdf","targetRectangle":{"y":491.05923461914062,"x":801.6905517578125,"width":771.05659385342778,"height":34.425200190734813}},{"text":"Latent semantic analysis (LSA)","targetRectangle":{"y":4,"x":40,"width":963.26999999999987,"height":84}},{"text":"Descending order —>","targetRectangle":{"y":99.70771652146388,"x":1199.7167389769315,"width":241.12800000000016,"height":30.759999513626099}},{"text":"equation.pdf","targetRectangle":{"y":154.53844202192207,"x":668.53267950760653,"width":1182.1303363929314,"height":180.52719999999997}},{"text":"equation.pdf","targetRectangle":{"y":894.876953125,"x":948.66357421875,"width":395.78222222222212,"height":31.639999999999986}},{"text":"equation.pdf","targetRectangle":{"y":594.47869873046875,"x":944.35723876953125,"width":581.93019385342768,"height":40.985200190734872}}],"baseLayer":{"animations":[],"initialState":{"affineTransform":[1,0,0,1,0,0],"masksToBounds":false,"rotation":0,"scale":1,"position":{"pointX":960,"pointY":540},"width":1920,"sublayerTransform":[1,0,0,0,0,1,0,0,0,0,1,0,0,0,0,1],"contentsRect":{"y":0,"x":0,"width":1,"height":1},"opacity":1,"edgeAntialiasingMask":251658240,"height":1080,"hidden":false,"anchorPoint":{"pointX":0.5,"pointY":0.5}},"objectID":"0","layers":[{"animations":[],"initialState":{"affineTransform":[1,0,0,1,0,0],"masksToBounds":false,"rotation":0,"scale":1,"position":{"pointX":960,"pointY":540},"width":1920,"sublayerTransform":[1,0,0,0,0,1,0,0,0,0,1,-0.00035007912466775983,0,0,0,1],"contentsRect":{"y":0,"x":0,"width":1,"height":1},"opacity":1,"edgeAntialiasingMask":251658240,"height":1080,"hidden":false,"anchorPoint":{"pointX":0.5,"pointY":0.5}},"layers":[{"animations":[],"layers":[],"texturedRectangle":{"isBackgroundTexture":false,"singleTextureOpacity":1,"textureType":0,"textBaseline":0,"textXHeight":0,"isVerticalText":false},"initialState":{"affineTransform":[1,0,0,1,0,0],"masksToBounds":false,"rotation":0,"scale":1,"position":{"pointX":960,"pointY":540},"width":1920,"sublayerTransform":[1,0,0,0,0,1,0,0,0,0,1,0,0,0,0,1],"contentsRect":{"y":0,"x":0,"width":1,"height":1},"opacity":1,"edgeAntialiasingMask":0,"height":1080,"hidden":false,"anchorPoint":{"pointX":0.5,"pointY":0.5}},"texture":"B237E12BE7BAC00D035D0EC2A17E26A2"}]}]}}]}