{"assets":{"CD16FC2649FF8028A27F9E8006B0F020":{"type":"texture","index":0,"assetRequest":{"type":"slide","state":"contents","slide":"none"},"url":{"native":"assets\/E5F64A71-CCC1-491C-98D0-0266907FD6EF.pdf"},"width":1920,"height":1080},"C627BF85601F6925418B7E28AEAFA7B1":{"type":"texture","index":1,"assetRequest":{"type":"slide","state":"contents","slide":"none"},"url":{"native":"assets\/E5F64A71-CCC1-491C-98D0-0266907FD6EF.pdf"},"width":1920,"height":1080}},"events":[{"effects":[{"beginTime":0,"baseLayer":{"animations":[],"initialState":{"affineTransform":[1,0,0,1,0,0],"masksToBounds":false,"rotation":0,"scale":1,"position":{"pointX":960,"pointY":540},"width":1920,"sublayerTransform":[1,0,0,0,0,1,0,0,0,0,1,0,0,0,0,1],"contentsRect":{"y":0,"x":0,"width":1,"height":1},"opacity":1,"edgeAntialiasingMask":251658240,"height":1080,"hidden":false,"anchorPoint":{"pointX":0.5,"pointY":0.5}},"objectID":"0","layers":[{"animations":[],"initialState":{"affineTransform":[1,0,0,1,0,0],"masksToBounds":false,"rotation":0,"scale":1,"position":{"pointX":960,"pointY":540},"width":1920,"sublayerTransform":[1,0,0,0,0,1,0,0,0,0,1,-0.00035007912466775983,0,0,0,1],"contentsRect":{"y":0,"x":0,"width":1,"height":1},"opacity":1,"edgeAntialiasingMask":251658240,"height":1080,"hidden":false,"anchorPoint":{"pointX":0.5,"pointY":0.5}},"layers":[{"animations":[],"layers":[],"texturedRectangle":{"isBackgroundTexture":false,"singleTextureOpacity":1,"textureType":0,"textBaseline":0,"textXHeight":0,"isVerticalText":false},"initialState":{"affineTransform":[1,0,0,1,0,0],"masksToBounds":false,"rotation":0,"scale":1,"position":{"pointX":960,"pointY":540},"width":1920,"sublayerTransform":[1,0,0,0,0,1,0,0,0,0,1,0,0,0,0,1],"contentsRect":{"y":0,"x":0,"width":1,"height":1},"opacity":1,"edgeAntialiasingMask":0,"height":1080,"hidden":false,"anchorPoint":{"pointX":0.5,"pointY":0.5}},"texture":"C627BF85601F6925418B7E28AEAFA7B1"},{"animations":[{"additive":false,"timeOffset":0,"beginTime":0,"from":{"scalar":false},"repeatCount":0,"fillMode":"both","duration":0.01,"autoreverses":false,"property":"hidden","to":{"scalar":true},"removedOnCompletion":false}],"layers":[],"texturedRectangle":{"isBackgroundTexture":false,"singleTextureOpacity":1,"textureType":0,"textBaseline":0,"textXHeight":0,"isVerticalText":false},"initialState":{"affineTransform":[1,0,0,1,0,0],"masksToBounds":false,"rotation":0,"scale":1,"position":{"pointX":960,"pointY":540},"width":1920,"sublayerTransform":[1,0,0,0,0,1,0,0,0,0,1,0,0,0,0,1],"contentsRect":{"y":0,"x":0,"width":1,"height":1},"opacity":1,"edgeAntialiasingMask":0,"height":1080,"hidden":false,"anchorPoint":{"pointX":0.5,"pointY":0.5}},"texture":"CD16FC2649FF8028A27F9E8006B0F020"}]}]},"effects":[],"duration":0.01,"type":"transition","attributes":{"direction":0},"name":"none","objectID":"0"}],"automaticPlay":false,"hyperlinks":[],"accessibility":[{"text":"￼","targetRectangle":{"y":1038.7800302505493,"x":1890.8129826848599,"width":20.438000000000102,"height":26}},{"text":"equation.pdf","targetRectangle":{"y":740.18927001953125,"x":1333.171630859375,"width":443.42170276408729,"height":306.30040000000008}},{"text":"Probabilistic LSA (pLSA)","targetRectangle":{"y":4,"x":40,"width":762.29999999999995,"height":84}},{"text":"equation.pdf","targetRectangle":{"y":524.74237060546875,"x":689.16668701171875,"width":496.33333333333348,"height":90.300399999999968}},{"text":"equation.pdf","targetRectangle":{"y":847.39947509765625,"x":136.11054992675781,"width":119.24000000000001,"height":35.879999999999995}},{"text":"[1] Hoffman, 2000","targetRectangle":{"y":1036.4000290632248,"x":8.2946658134460449,"width":204.744,"height":30.759999513626099}},{"text":"equation.pdf","targetRectangle":{"y":816.88427734375,"x":303.44387817382812,"width":617.11223003292093,"height":104.91039291000368}},{"text":"equation.pdf","targetRectangle":{"y":456.53307934927045,"x":1044.8374501992225,"width":27.607738317756912,"height":49.654306234600369}},{"text":"Matrix factorization is a very practical approach to document retrieval, however it isn’t principled in a statistical sense. At a high level, we start with an extremely sparse term-document matrix and ask, how can we measure similarity between documents? To do this we compute a projection onto a K dimensional space where the data is represented by a dense(r) matrix, and compute distances on it.","targetRectangle":{"y":134,"x":49.833276748657227,"width":1861.5959999999995,"height":265}},{"text":"pLSA uses a latent variable approach to model terms and documents as a joint distribution ￼ by factoring it using a set of latent variables ￼:","targetRectangle":{"y":399,"x":49.833276748657227,"width":1782.3599999999997,"height":107.18738558387088}},{"text":"The standard MLE method to fit latent variable models is the EM algorithm (general form is shown here, pLSA actually uses a more involved EM-based approach):","targetRectangle":{"y":612.18738558387088,"x":49.833276748657227,"width":1776.1559999999999,"height":106}},{"text":"equation.pdf","targetRectangle":{"y":456.53307934927045,"x":49.833276748657227,"width":138.50017345056565,"height":49.654306234600369}},{"text":"equation.pdf","targetRectangle":{"y":875.39947509765625,"x":1163.44384765625,"width":130.83999999999992,"height":35.879999999999995}}],"baseLayer":{"animations":[],"initialState":{"affineTransform":[1,0,0,1,0,0],"masksToBounds":false,"rotation":0,"scale":1,"position":{"pointX":960,"pointY":540},"width":1920,"sublayerTransform":[1,0,0,0,0,1,0,0,0,0,1,0,0,0,0,1],"contentsRect":{"y":0,"x":0,"width":1,"height":1},"opacity":1,"edgeAntialiasingMask":251658240,"height":1080,"hidden":false,"anchorPoint":{"pointX":0.5,"pointY":0.5}},"objectID":"0","layers":[{"animations":[],"initialState":{"affineTransform":[1,0,0,1,0,0],"masksToBounds":false,"rotation":0,"scale":1,"position":{"pointX":960,"pointY":540},"width":1920,"sublayerTransform":[1,0,0,0,0,1,0,0,0,0,1,-0.00035007912466775983,0,0,0,1],"contentsRect":{"y":0,"x":0,"width":1,"height":1},"opacity":1,"edgeAntialiasingMask":251658240,"height":1080,"hidden":false,"anchorPoint":{"pointX":0.5,"pointY":0.5}},"layers":[{"animations":[],"layers":[],"texturedRectangle":{"isBackgroundTexture":false,"singleTextureOpacity":1,"textureType":0,"textBaseline":0,"textXHeight":0,"isVerticalText":false},"initialState":{"affineTransform":[1,0,0,1,0,0],"masksToBounds":false,"rotation":0,"scale":1,"position":{"pointX":960,"pointY":540},"width":1920,"sublayerTransform":[1,0,0,0,0,1,0,0,0,0,1,0,0,0,0,1],"contentsRect":{"y":0,"x":0,"width":1,"height":1},"opacity":1,"edgeAntialiasingMask":0,"height":1080,"hidden":false,"anchorPoint":{"pointX":0.5,"pointY":0.5}},"texture":"CD16FC2649FF8028A27F9E8006B0F020"}]}]}}]}