{"assets":{"FAFC75385B258256958006115EA9AA57":{"type":"texture","index":1,"assetRequest":{"type":"slide","state":"contents","slide":"none"},"url":{"native":"assets\/F18410C4-CA73-4432-B42A-534FFF20C3DB.pdf"},"width":1920,"height":1080},"C783B3EDFEC4322BF749A6B46F1BCBEA":{"type":"texture","index":0,"assetRequest":{"type":"slide","state":"contents","slide":"none"},"url":{"native":"assets\/F18410C4-CA73-4432-B42A-534FFF20C3DB.pdf"},"width":1920,"height":1080}},"events":[{"effects":[{"beginTime":0,"baseLayer":{"animations":[],"initialState":{"affineTransform":[1,0,0,1,0,0],"masksToBounds":false,"rotation":0,"scale":1,"position":{"pointX":960,"pointY":540},"width":1920,"sublayerTransform":[1,0,0,0,0,1,0,0,0,0,1,0,0,0,0,1],"contentsRect":{"y":0,"x":0,"width":1,"height":1},"opacity":1,"edgeAntialiasingMask":251658240,"height":1080,"hidden":false,"anchorPoint":{"pointX":0.5,"pointY":0.5}},"objectID":"0","layers":[{"animations":[],"initialState":{"affineTransform":[1,0,0,1,0,0],"masksToBounds":false,"rotation":0,"scale":1,"position":{"pointX":960,"pointY":540},"width":1920,"sublayerTransform":[1,0,0,0,0,1,0,0,0,0,1,-0.00035007912466775983,0,0,0,1],"contentsRect":{"y":0,"x":0,"width":1,"height":1},"opacity":1,"edgeAntialiasingMask":251658240,"height":1080,"hidden":false,"anchorPoint":{"pointX":0.5,"pointY":0.5}},"layers":[{"animations":[],"layers":[],"texturedRectangle":{"isBackgroundTexture":false,"singleTextureOpacity":1,"textureType":0,"textBaseline":0,"textXHeight":0,"isVerticalText":false},"initialState":{"affineTransform":[1,0,0,1,0,0],"masksToBounds":false,"rotation":0,"scale":1,"position":{"pointX":960,"pointY":540},"width":1920,"sublayerTransform":[1,0,0,0,0,1,0,0,0,0,1,0,0,0,0,1],"contentsRect":{"y":0,"x":0,"width":1,"height":1},"opacity":1,"edgeAntialiasingMask":0,"height":1080,"hidden":false,"anchorPoint":{"pointX":0.5,"pointY":0.5}},"texture":"FAFC75385B258256958006115EA9AA57"},{"animations":[{"additive":false,"timeOffset":0,"beginTime":0,"from":{"scalar":false},"repeatCount":0,"fillMode":"both","duration":0.01,"autoreverses":false,"property":"hidden","to":{"scalar":true},"removedOnCompletion":false}],"layers":[],"texturedRectangle":{"isBackgroundTexture":false,"singleTextureOpacity":1,"textureType":0,"textBaseline":0,"textXHeight":0,"isVerticalText":false},"initialState":{"affineTransform":[1,0,0,1,0,0],"masksToBounds":false,"rotation":0,"scale":1,"position":{"pointX":960,"pointY":540},"width":1920,"sublayerTransform":[1,0,0,0,0,1,0,0,0,0,1,0,0,0,0,1],"contentsRect":{"y":0,"x":0,"width":1,"height":1},"opacity":1,"edgeAntialiasingMask":0,"height":1080,"hidden":false,"anchorPoint":{"pointX":0.5,"pointY":0.5}},"texture":"C783B3EDFEC4322BF749A6B46F1BCBEA"}]}]},"effects":[],"duration":0.01,"type":"transition","attributes":{"direction":0},"name":"none","objectID":"0"}],"automaticPlay":false,"hyperlinks":[],"accessibility":[{"text":"Lecture (90 min):","targetRectangle":{"y":134,"x":85.83333432674408,"width":365.69999999999999,"height":61}},{"text":"Introduction to neural language modeling","targetRectangle":{"y":195,"x":129.83333492279053,"width":723.15999999999997,"height":48}},{"text":"Transfer learning","targetRectangle":{"y":243,"x":129.83333492279053,"width":293.51999999999998,"height":48}},{"text":"Common NLP tasks","targetRectangle":{"y":291,"x":129.83333492279053,"width":342.68000000000001,"height":48}},{"text":"Text classification","targetRectangle":{"y":339,"x":173.83333492279053,"width":303.92000000000002,"height":48}},{"text":"Named entity recognition (NER)","targetRectangle":{"y":387,"x":173.83333492279053,"width":548.20000000000005,"height":48}},{"text":"Question answering (QA)","targetRectangle":{"y":435,"x":173.83333492279053,"width":436.15999999999997,"height":48}},{"text":"Natural language inference (NLI)","targetRectangle":{"y":483,"x":173.83333492279053,"width":564.19999999999993,"height":48}},{"text":"Text summarization","targetRectangle":{"y":531,"x":173.83333492279053,"width":335.15999999999997,"height":48}},{"text":"Machine translation (MT\/NMT)","targetRectangle":{"y":579,"x":173.83333492279053,"width":522.27999999999997,"height":48}},{"text":"The GLUE benchmark","targetRectangle":{"y":627,"x":129.83333492279053,"width":383.24000000000001,"height":48}},{"text":"Lab (60 min):","targetRectangle":{"y":675,"x":85.83333432674408,"width":281.35000000000002,"height":61}},{"text":"Course project kickoff","targetRectangle":{"y":736,"x":129.83333492279053,"width":383.55999999999995,"height":48}},{"text":"Lesson plan","targetRectangle":{"y":4,"x":40,"width":377.15999999999997,"height":84}},{"text":"￼","targetRectangle":{"y":1038.7800302505493,"x":1894.5639819078206,"width":12.935999999999922,"height":26}}],"baseLayer":{"animations":[],"initialState":{"affineTransform":[1,0,0,1,0,0],"masksToBounds":false,"rotation":0,"scale":1,"position":{"pointX":960,"pointY":540},"width":1920,"sublayerTransform":[1,0,0,0,0,1,0,0,0,0,1,0,0,0,0,1],"contentsRect":{"y":0,"x":0,"width":1,"height":1},"opacity":1,"edgeAntialiasingMask":251658240,"height":1080,"hidden":false,"anchorPoint":{"pointX":0.5,"pointY":0.5}},"objectID":"0","layers":[{"animations":[],"initialState":{"affineTransform":[1,0,0,1,0,0],"masksToBounds":false,"rotation":0,"scale":1,"position":{"pointX":960,"pointY":540},"width":1920,"sublayerTransform":[1,0,0,0,0,1,0,0,0,0,1,-0.00035007912466775983,0,0,0,1],"contentsRect":{"y":0,"x":0,"width":1,"height":1},"opacity":1,"edgeAntialiasingMask":251658240,"height":1080,"hidden":false,"anchorPoint":{"pointX":0.5,"pointY":0.5}},"layers":[{"animations":[],"layers":[],"texturedRectangle":{"isBackgroundTexture":false,"singleTextureOpacity":1,"textureType":0,"textBaseline":0,"textXHeight":0,"isVerticalText":false},"initialState":{"affineTransform":[1,0,0,1,0,0],"masksToBounds":false,"rotation":0,"scale":1,"position":{"pointX":960,"pointY":540},"width":1920,"sublayerTransform":[1,0,0,0,0,1,0,0,0,0,1,0,0,0,0,1],"contentsRect":{"y":0,"x":0,"width":1,"height":1},"opacity":1,"edgeAntialiasingMask":0,"height":1080,"hidden":false,"anchorPoint":{"pointX":0.5,"pointY":0.5}},"texture":"C783B3EDFEC4322BF749A6B46F1BCBEA"}]}]}}]}